Group,Count,RMSE,MAE,R2,Pearson,MobleyID,True_dG,Predicted_dG,Error
Alkanol,,,,,,mobley_313406,-4.85,-4.730927619047621,0.11907238095237904
Alkanol,,,,,,mobley_7227357,-4.35,-4.245923809523812,0.10407619047618777
Alkanol,,,,,,mobley_2245668,-4.5,-4.6410097619047646,-0.14100976190476455
Alkanol,,,,,,mobley_7977115,-4.06,-3.9276111904761923,0.13238880952380727
Alkanol,,,,,,mobley_2310185,-5.0,-5.009168650793652,-0.0091686507936517
Alkanol,,,,,,mobley_3378420,-3.88,-3.9469078571428584,-0.06690785714285852
Alkanol,,,,,,mobley_9838013,-4.43,-4.574484285714287,-0.14448428571428718
Alkanol,,,,,,mobley_5759258,-4.57,-4.379639166666666,0.19036083333333398
Alkanol,,,,,,mobley_8337722,-3.2,-4.48656380952381,-1.2865638095238099
Alkanol,,,,,,mobley_2864987,-4.39,-4.310414047619049,0.07958595238095079
Alkanol,,,,,,mobley_7983227,-4.42,-4.302966666666666,0.11703333333333354
Alkanol,,,,,,mobley_1019269,-4.72,-4.313646904761903,0.4063530952380967
Alkanol,,,,,,mobley_7610437,-3.88,-3.8272800000000013,0.052719999999998546
Alkanol,,,,,,mobley_7326982,-4.74,-4.887827460317462,-0.14782746031746186
Alkanol,,,,,,mobley_3414356,-3.92,-3.9519041666666674,-0.03190416666666751
Alkanol,,,,,,mobley_5123639,-3.73,-3.8942189285714277,-0.16421892857142772
Alkanol,,,,,,mobley_5973402,-4.42,-4.300125238095238,0.11987476190476176
Alkanol,,,,,,mobley_1903702,-4.62,-4.52717261904762,0.09282738095238052
Alkanol,,,,,,mobley_5079234,-4.21,-3.8777528571428586,0.3322471428571414
Alkanol,,,,,,mobley_36119,-4.09,-3.9735897619047647,0.11641023809523521
Alkanol,,,,,,mobley_1650157,-4.47,-4.69332738095238,-0.22332738095238014
Alkanol,,,,,,mobley_3546460,-4.4,-4.191673928571429,0.20832607142857107
Alkanol,,,,,,mobley_3151666,-3.64,-3.9214514285714306,-0.28145142857143046
Alkanol,,,,,,mobley_1636752,-5.1,-5.035635317460318,0.06436468253968197
Alkanone,,,,,,mobley_1967551,-3.5,-3.7828109126984133,-0.2828109126984133
Alkanone,,,,,,mobley_3968043,-4.7,-4.4791826190476165,0.22081738095238368
Alkanone,,,,,,mobley_7375018,-2.15,-2.304630714285715,-0.15463071428571507
Alkanone,,,,,,mobley_2146331,-2.75,-3.5999875793650795,-0.8499875793650795
Alkanone,,,,,,mobley_7859387,-2.67,-2.7520014285714285,-0.08200142857142856
Alkanone,,,,,,mobley_3682850,-4.91,-4.485323809523807,0.42467619047619287
Alkanone,,,,,,mobley_1976156,-2.07,-2.3064007142857155,-0.23640071428571563
Alkanone,,,,,,mobley_3867265,-3.8,-3.8632242460317463,-0.06322424603174648
Alkanone,,,,,,mobley_8739734,-3.24,-3.9799266666666644,-0.7399266666666642
Alkanone,,,,,,mobley_4013838,-2.74,-3.2676826190476187,-0.5276826190476185
Alkanone,,,,,,mobley_5346580,-3.11,-3.926385714285712,-0.8163857142857123
Alkanone,,,,,,mobley_9617923,-2.34,-2.367998333333334,-0.027998333333334013
Alkanone,,,,,,mobley_8337977,-3.05,-3.397578412698412,-0.3475784126984123
Alkanone,,,,,,mobley_4694328,-2.29,-2.5786883333333335,-0.28868833333333344
Alkanone,,,,,,mobley_1502181,-2.49,-2.4789252380952376,0.011074761904762642
Alkanone,,,,,,mobley_2390199,-2.92,-2.890247619047619,0.029752380952380975
Alkanone,,,,,,mobley_1827204,-2.81,-2.9667945238095252,-0.1567945238095252
Alkanone,,,,,,mobley_8573194,-3.18,-3.2735457142857136,-0.09354571428571345
Alkanone,,,,,,mobley_1881249,-3.52,-3.4782880555555544,0.04171194444444559
Alkanone,,,,,,mobley_3573480,-3.04,-2.9684928571428584,0.07150714285714166
Alkanone,,,,,,mobley_3318135,-2.64,-2.4954719047619047,0.1445280952380954
Alkanone,,,,,,mobley_5627459,-2.86,-3.711354047619045,-0.8513540476190453
Alkanone,,,,,,mobley_9407874,-2.88,-2.8250928571428586,0.05490714285714127
Alkanone,,,,,,mobley_8492526,-3.03,-3.2090557936507924,-0.1790557936507926
Alkanone,,,,,,mobley_2487143,-3.28,-3.2705792460317467,0.009420753968253148
Alkanone,,,,,,mobley_1875719,-3.41,-3.3948333333333336,0.01516666666666655
Alkanone,,,,,,mobley_6632459,-3.43,-3.6731260317460315,-0.2431260317460313
Alkene,,,,,,mobley_5494918,2.93,1.3943684920634924,-1.5356315079365077
Alkene,,,,,,mobley_3211679,0.14,0.24259285714285717,0.10259285714285715
Alkene,,,,,,mobley_6733657,-3.44,-3.4133533730158723,0.026646626984127675
Alkene,,,,,,mobley_1662128,1.38,0.9366223015873015,-0.44337769841269836
Alkene,,,,,,mobley_2143011,1.83,1.603692896825396,-0.226307103174604
Alkene,,,,,,mobley_9913368,-0.78,-0.8416458333333336,-0.06164583333333362
Alkene,,,,,,mobley_778352,1.31,1.2260134126984128,-0.08398658730158726
Alkene,,,,,,mobley_303222,1.32,0.9713730952380948,-0.3486269047619053
Alkene,,,,,,mobley_7099614,-0.57,-1.6198422619047614,-1.0498422619047614
Alkene,,,,,,mobley_1899443,1.47,1.5677902777777775,0.09779027777777749
Alkene,,,,,,mobley_6474572,-0.59,-0.8304551190476193,-0.2404551190476193
Alkene,,,,,,mobley_4762983,1.66,1.632778214285714,-0.027221785714286018
Alkene,,,,,,mobley_299266,1.16,0.7739409920634921,-0.3860590079365078
Alkene,,,,,,mobley_9112978,1.31,1.3674613888888885,0.05746138888888841
Alkene,,,,,,mobley_6091882,1.28,0.7666497619047616,-0.5133502380952384
Alkene,,,,,,mobley_3709920,2.06,1.388540833333334,-0.671459166666666
Alkene,,,,,,mobley_6571751,0.67,1.050133293650794,0.38013329365079407
Alkene,,,,,,mobley_5310099,1.58,1.5588259920634917,-0.021174007936508366
Alkene,,,,,,mobley_2493732,0.25,-0.1891707142857143,-0.4391707142857143
Alkene,,,,,,mobley_9197172,1.92,1.7755741666666662,-0.1444258333333337
Alkene,,,,,,mobley_8885088,0.56,0.10564761904761905,-0.454352380952381
Alkene,,,,,,mobley_4043951,1.68,1.5274697222222218,-0.15253027777777817
Alkene,,,,,,mobley_5952846,0.1,0.3677607142857143,0.26776071428571424
Alkene,,,,,,mobley_8467917,1.68,1.4577180555555558,-0.22228194444444416
Alkene,,,,,,mobley_766666,-0.44,-1.1334497619047623,-0.6934497619047624
Alkene,,,,,,mobley_4465023,-1.17,-1.1046723809523806,0.0653276190476193
Alkyl Alkanoate,,,,,,mobley_2364370,-2.64,-2.476194642857143,0.16380535714285704
Alkyl Alkanoate,,,,,,mobley_1781152,-2.4,-2.743394761904762,-0.3433947619047619
Alkyl Alkanoate,,,,,,mobley_5890803,-2.44,-2.515229523809524,-0.07522952380952397
Alkyl Alkanoate,,,,,,mobley_2341732,-2.56,-2.522336547619048,0.037663452380952034
Alkyl Alkanoate,,,,,,mobley_4924862,-2.13,-2.313761904761905,-0.18376190476190501
Alkyl Alkanoate,,,,,,mobley_2294995,-2.56,-3.0412807142857132,-0.4812807142857132
Alkyl Alkanoate,,,,,,mobley_7608435,-2.04,-2.278628268398267,-0.238628268398267
Alkyl Alkanoate,,,,,,mobley_6973347,-2.94,-3.1035188095238095,-0.1635188095238096
Alkyl Alkanoate,,,,,,mobley_7573149,-2.79,-2.6849078571428584,0.10509214285714163
Alkyl Alkanoate,,,,,,mobley_6854178,-2.02,-2.6108354761904757,-0.5908354761904757
Alkyl Alkanoate,,,,,,mobley_5471704,-2.21,-2.4180414826839822,-0.20804148268398226
Alkyl Alkanoate,,,,,,mobley_1592519,-2.23,-2.271369047619045,-0.04136904761904514
Alkyl Alkanoate,,,,,,mobley_3034976,-6.69,-7.545733809523808,-0.8557338095238078
Alkyl Alkanoate,,,,,,mobley_8754702,-2.48,-3.1324589285714284,-0.6524589285714284
Alkyl Alkanoate,,,,,,mobley_3572203,-2.11,-2.2763511904761886,-0.16635119047618874
Alkyl Alkanoate,,,,,,mobley_6619554,-2.49,-2.3598254761904753,0.13017452380952488
Alkyl Alkanoate,,,,,,mobley_1717215,-2.78,-3.3941183333333345,-0.6141183333333347
Alkyl Alkanoate,,,,,,mobley_7455579,-2.22,-2.501661666666667,-0.2816616666666669
Alkyl Alkanoate,,,,,,mobley_3690931,-2.28,-2.359263095238094,-0.07926309523809438
Alkyl Alkanoate,,,,,,mobley_2607611,-2.26,-2.263569047619046,-0.003569047619046195
Alkyl Alkanoate,,,,,,mobley_1722522,-2.49,-2.5464789285714295,-0.05647892857142933
Alkyl Alkanoate,,,,,,mobley_7758918,-6.46,-7.330255952380948,-0.8702559523809477
Alkyl Alkanoate,,,,,,mobley_3982371,-3.13,-3.095370714285713,0.034629285714286695
Alkyl Alkanoate,,,,,,mobley_1075836,-2.93,-3.2269071428571423,-0.29690714285714215
Alkyl Alkanoate,,,,,,mobley_1735893,-6.21,-7.077173095238098,-0.8671730952380976
Alkyl Alkanoate,,,,,,mobley_2929847,-6.09,-6.507901626984125,-0.4179016269841256
Alkyl Alkanoate,,,,,,mobley_6456034,-1.69,-2.3974519047619043,-0.7074519047619043
Alkyl Alkanoate,,,,,,mobley_6981465,-2.64,-2.9068078571428573,-0.26680785714285715
Alkyl Alkanoate,,,,,,mobley_1017962,-2.49,-2.4214204761904763,0.06857952380952392
Alkyl Alkanoate,,,,,,mobley_7943327,-2.68,-2.6847107142857154,-0.004710714285715234
Alkyl Alkanoate,,,,,,mobley_8514745,-2.51,-2.425758214285714,0.08424178571428564
Alkyl Alkanoate,,,,,,mobley_859464,-2.36,-2.663019166666668,-0.30301916666666795
Alkyl Alkanoate,,,,,,mobley_5390332,-2.83,-2.691191666666668,0.1388083333333321
Alkyl Alkanoate,,,,,,mobley_820789,-6.35,-7.110808928571426,-0.7608089285714268
Alkyl Alkanoate,,,,,,mobley_4792268,-6.16,-6.622586865079363,-0.46258686507936275
Halo Alkanes,,,,,,mobley_2198613,-0.63,0.3440715476190477,0.9740715476190477
Halo Alkanes,,,,,,mobley_3167746,2.88,2.9302930158730156,0.05029301587301571
Halo Alkanes,,,,,,mobley_994483,-0.74,-0.03711603174603173,0.7028839682539683
Halo Alkanes,,,,,,mobley_4434915,-0.55,-0.23604749999999997,0.3139525000000001
Halo Alkanes,,,,,,mobley_8525830,-0.14,-0.5439561904761907,-0.4039561904761907
Halo Alkanes,,,,,,mobley_4375719,3.13,2.9508114285714284,-0.17918857142857147
Halo Alkanes,,,,,,mobley_1199854,-0.53,-0.7060654761904763,-0.1760654761904763
Halo Alkanes,,,,,,mobley_2178600,-0.1,0.2684841666666665,0.3684841666666665
Halo Alkanes,,,,,,mobley_3639400,-0.16,-0.0823357142857143,0.0776642857142857
Halo Alkanes,,,,,,mobley_7769613,0.84,0.6659684920634922,-0.1740315079365078
Halo Alkanes,,,,,,mobley_1923244,2.1,2.4065152777777783,0.3065152777777782
Halo Alkanes,,,,,,mobley_6235784,0.0,0.5099419047619049,0.5099419047619049
Halo Alkanes,,,,,,mobley_4699732,-1.27,-1.608092976190476,-0.33809297619047607
Halo Alkanes,,,,,,mobley_1261349,2.51,2.1657071428571415,-0.3442928571428583
Halo Alkanes,,,,,,mobley_4177472,2.56,2.5265823809523806,-0.03341761904761942
Halo Alkanes,,,,,,mobley_7578802,-2.13,-1.0702385714285718,1.059761428571428
Halo Alkanes,,,,,,mobley_8983100,-0.82,-0.7799938095238096,0.04000619047619036
Halo Alkanes,,,,,,mobley_9883303,2.71,2.696176547619048,-0.013823452380952173
Halo Alkanes,,,,,,mobley_6190089,-2.37,-2.495459761904762,-0.1254597619047617
Halo Alkanes,,,,,,mobley_1803862,2.38,2.4389069444444447,0.058906944444444775
Halo Alkanes,,,,,,mobley_9434451,-0.48,-0.07500785714285714,0.40499214285714286
Halo Alkanes,,,,,,mobley_5286200,-2.32,-1.5357530952380953,0.7842469047619045
Halo Alkanes,,,,,,mobley_2008055,1.83,2.168711190476189,0.33871119047618903
Halo Alkanes,,,,,,mobley_1792062,-2.33,-1.585827857142857,0.7441721428571431
Halo Alkanes,,,,,,mobley_2492140,-1.23,-1.7319564285714293,-0.5019564285714293
Halo Alkanes,,,,,,mobley_3761215,-0.19,-0.586037619047619,-0.39603761904761897
Halo Alkanes,,,,,,mobley_1107178,-0.74,-0.9038907142857141,-0.1638907142857141
Halo Alkanes,,,,,,mobley_8614858,2.67,2.630197500000001,-0.039802499999999075
Halo Alkanes,,,,,,mobley_9015240,0.52,-0.2771997619047619,-0.7971997619047619
Halo Alkanes,,,,,,mobley_3738859,-0.1,0.08501833333333339,0.1850183333333334
Halo Alkanes,,,,,,mobley_7157427,0.29,0.2703783333333334,-0.019621666666666593
Halo Alkanes,,,,,,mobley_6896128,2.97,2.9209130158730154,-0.049086984126984756
Halo Alkanes,,,,,,mobley_1893815,-1.43,-1.4765086904761902,-0.04650869047619022
Halo Alkanes,,,,,,mobley_9246351,-1.96,-0.9821251190476191,0.9778748809523808
Halo Alkanes,,,,,,mobley_627267,-0.03,0.08935357142857141,0.1193535714285714
Halo Alkanes,,,,,,mobley_6812653,2.48,2.6163093253968253,0.13630932539682528
Halo Alkanes,,,,,,mobley_3060426,2.93,2.804591428571429,-0.1254085714285713
Halo Alkanes,,,,,,mobley_664966,-2.49,-2.4429188888888884,0.047081111111111795
Halo Alkanes,,,,,,mobley_2517158,0.34,0.2476033333333333,-0.09239666666666674
Halo Alkanes,,,,,,mobley_2213823,2.51,2.521303253968253,0.01130325396825338
Halo Alkanes,,,,,,mobley_7732703,1.79,-0.7684925793650792,-2.5584925793650792
Halo Alkanes,,,,,,mobley_1231151,-0.25,0.4010906349206349,0.6510906349206349
Halo Alkanes,,,,,,mobley_1139153,2.89,2.0908692063492054,-0.7991307936507948
Halo Alkanes,,,,,,mobley_929676,0.18,0.12772130952380953,-0.052278690476190465
Halo Alkanes,,,,,,mobley_9624458,-1.89,-1.710580476190476,0.17941952380952397
Halo Alkanes,,,,,,mobley_3370989,-0.11,-0.6414209523809525,-0.5314209523809525
Halo Alkanes,,,,,,mobley_2068538,2.0,2.1427261904761896,0.14272619047618962
Halo Alkanes,,,,,,mobley_4043987,2.93,2.717040714285714,-0.21295928571428613
Halo Alkanes,,,,,,mobley_3762186,-1.31,-1.0099769047619045,0.30002309523809556
Halo Alkanes,,,,,,mobley_1977493,-0.33,-0.06721936507936507,0.26278063492063497
Halo Alkanes,,,,,,mobley_2996632,-1.08,-1.1098076190476187,-0.02980761904761864
Halo Alkanes,,,,,,mobley_7768165,-1.95,-1.654841428571428,0.29515857142857205
Halo Alkanes,,,,,,mobley_4561957,2.34,2.425035277777778,0.08503527777777808
Halo Alkanes,,,,,,mobley_1838110,1.77,0.2687234920634921,-1.5012765079365078
Halo Alkanes,,,,,,mobley_5157661,2.3,2.1301528571428556,-0.1698471428571442
Halo Alkanes,,,,,,mobley_1278715,-0.64,-1.351441904761904,-0.7114419047619039
Halo Alkanes,,,,,,mobley_2802855,-0.4,-0.2109430952380952,0.18905690476190481
Halo Alkanes,,,,,,mobley_8311321,-0.5,-0.6789966269841271,-0.1789966269841271
Halo Alkanes,,,,,,mobley_6359135,0.08,-0.4899880952380951,-0.5699880952380951
Halo Alkanes,,,,,,mobley_8436428,2.83,2.6777857142857133,-0.15221428571428675
Halo Alkanes,,,,,,mobley_4364398,-0.89,-0.931788333333333,-0.04178833333333298
Halo Alkanes,,,,,,mobley_8191186,0.06,-0.6811249603174605,-0.7411249603174606
Halo Alkanes,,,,,,mobley_210639,-0.46,-0.6829659523809524,-0.22296595238095235
Halo Alkanes,,,,,,mobley_2609604,2.56,2.652368214285715,0.09236821428571496
Halo Alkanes,,,,,,mobley_9055303,2.0,2.1656695238095223,0.16566952380952227
Halo Alkanes,,,,,,mobley_676247,3.12,1.8932716666666667,-1.2267283333333334
Halo Alkanes,,,,,,mobley_4759887,0.27,-0.30374583333333344,-0.5737458333333334
Halo Alkanes,,,,,,mobley_3425174,-0.77,-1.2325049999999997,-0.4625049999999997
Halo Alkanes,,,,,,mobley_8668219,2.52,2.6777857142857133,0.1577857142857133
Halo Alkanes,,,,,,mobley_9029594,-0.22,-0.17729416666666664,0.04270583333333336
Halo Alkanes,,,,,,mobley_3999471,-0.84,-0.8132515476190478,0.026748452380952137
Halo Alkanes,,,,,,mobley_8772587,-0.25,-0.5547925000000004,-0.30479250000000035
Halo Alkanes,,,,,,mobley_5449201,2.3,2.4615373015873008,0.16153730158730095
Halo Alkanes,,,,,,mobley_1328465,-1.99,-1.8002669047619038,0.18973309523809623
Halo Alkanes,,,,,,mobley_6250025,0.08,-0.2077493650793652,-0.2877493650793652
Halo Alkanes,,,,,,mobley_7047032,1.09,0.6193464285714287,-0.47065357142857134
Halo Alkanes,,,,,,mobley_7708038,-0.56,-0.2973835714285713,0.26261642857142875
Halo Alkanes,,,,,,mobley_4506634,-0.11,-0.7230199603174602,-0.6130199603174602
Halo Alkanes,,,,,,mobley_1857976,-1.79,-1.0856363095238089,0.7043636904761912
Halo Alkanes,,,,,,mobley_1893937,0.0,0.1507775,0.1507775
Halo Alkanes,,,,,,mobley_252413,2.88,2.6729616666666662,-0.20703833333333366
Halo Alkanes,,,,,,mobley_5935995,2.51,2.23966976190476,-0.2703302380952399
Halo Alkanes,,,,,,mobley_2197088,3.16,2.8962447619047618,-0.2637552380952384
Halo Alkanes,,,,,,mobley_8685905,0.5,1.7088164285714285,1.2088164285714285
Halo Alkanes,,,,,,mobley_7106722,2.51,2.5158215873015872,0.005821587301587439
Aromatic,,,,,,mobley_9257453,-7.29,-7.126794285714287,0.16320571428571284
Aromatic,,,,,,mobley_755351,-7.29,-6.837477142857138,0.45252285714286167
Aromatic,,,,,,mobley_6522117,-7.07,-6.662712500000001,0.4072874999999989
Aromatic,,,,,,mobley_6353617,-8.26,-8.465775476190476,-0.20577547619047643
Aromatic,,,,,,mobley_547634,-2.78,-2.798663214285715,-0.018663214285715046
Aromatic,,,,,,mobley_7463408,-7.78,-7.711877857142859,0.06812214285714102
Aromatic,,,,,,mobley_1424265,-0.83,-0.8563930952380949,-0.026393095238094966
Aromatic,,,,,,mobley_242480,-11.85,-10.70326095238095,1.1467390476190502
Aromatic,,,,,,mobley_2451097,-4.1,-4.233369047619045,-0.13336904761904567
Aromatic,,,,,,mobley_5538249,-2.16,-2.960604603174603,-0.800604603174603
Aromatic,,,,,,mobley_7066554,-7.03,-6.27215976190476,0.7578402380952403
Aromatic,,,,,,mobley_2913224,-9.94,-9.933736904761906,0.006263095238093541
Aromatic,,,,,,mobley_5747188,-3.58,-3.471141309523808,0.1088586904761919
Aromatic,,,,,,mobley_6359156,-2.46,-2.811545079365079,-0.35154507936507917
Aromatic,,,,,,mobley_7599023,-1.46,-1.4818841666666662,-0.02188416666666626
Aromatic,,,,,,mobley_3976574,-4.15,-3.935303452380954,0.21469654761904655
Aromatic,,,,,,mobley_4252724,0.16,-0.5513635317460318,-0.7113635317460318
Aromatic,,,,,,mobley_1858644,-6.79,-6.703658095238096,0.08634190476190362
Aromatic,,,,,,mobley_3325209,-4.04,-4.4825099999999996,-0.4425099999999995
Aromatic,,,,,,mobley_2925352,-6.13,-5.850960952380952,0.2790390476190483
Aromatic,,,,,,mobley_1469079,-3.56,-3.757240833333335,-0.19724083333333509
Aromatic,,,,,,mobley_8691603,-5.49,-5.746417619047619,-0.2564176190476184
Aromatic,,,,,,mobley_7893124,-0.44,-0.7876138888888885,-0.3476138888888885
Aromatic,,,,,,mobley_3266352,-1.92,-0.8916373809523805,1.0283626190476194
Aromatic,,,,,,mobley_4479135,-2.78,-2.884093293650794,-0.10409329365079412
Aromatic,,,,,,mobley_5220185,-5.45,-5.553756388888887,-0.10375638888888705
Aromatic,,,,,,mobley_5571660,-5.21,-5.362949404761903,-0.15294940476190266
Aromatic,,,,,,mobley_7176290,-9.62,-8.503617380952377,1.1163826190476218
Aromatic,,,,,,mobley_3265457,-7.78,-8.413493333333331,-0.6334933333333312
Aromatic,,,,,,mobley_2763835,-2.22,-2.2449942857142866,-0.024994285714286413
Aromatic,,,,,,mobley_6620221,-9.61,-9.626338492063494,-0.016338492063495025
Aromatic,,,,,,mobley_9717937,-2.69,-2.867686746031747,-0.17768674603174706
Aromatic,,,,,,mobley_4584540,-4.59,-4.684045158730158,-0.09404515873015828
Aromatic,,,,,,mobley_282648,-2.4,-2.9265317857142867,-0.5265317857142868
Aromatic,,,,,,mobley_6794076,-7.62,-8.088753095238097,-0.46875309523809694
Aromatic,,,,,,mobley_7415647,-11.95,-9.568360555555554,2.3816394444444455
Aromatic,,,,,,mobley_6358463,1.07,1.3273416666666664,0.25734166666666636
Aromatic,,,,,,mobley_2489709,-1.36,-1.2615659523809526,0.0984340476190475
Aromatic,,,,,,mobley_2457863,-7.66,-5.726911904761904,1.9330880952380962
Aromatic,,,,,,mobley_9507933,-4.72,-4.743476825396824,-0.023476825396824275
Aromatic,,,,,,mobley_4193752,-4.12,-3.5966373809523806,0.5233626190476195
Aromatic,,,,,,mobley_5311804,-6.62,-6.46901273809524,0.15098726190475986
Aromatic,,,,,,mobley_6175884,-4.27,-4.309280349927852,-0.039280349927852676
Aromatic,,,,,,mobley_7688753,-9.52,-7.749717619047618,1.7702823809523816
Aromatic,,,,,,mobley_7608462,-1.12,-1.2044564285714285,-0.08445642857142843
Aromatic,,,,,,mobley_4371692,-9.53,-10.66744595238095,-1.1374459523809506
Aromatic,,,,,,mobley_8764620,-6.75,-6.150908055555556,0.599091944444444
Aromatic,,,,,,mobley_3187514,-5.53,-5.596332023809523,-0.06633202380952241
Aromatic,,,,,,mobley_1189457,-2.73,-2.484877142857142,0.24512285714285786
Aromatic,,,,,,mobley_172879,-3.15,-3.441056031746032,-0.29105603174603223
Aromatic,,,,,,mobley_2751110,-10.64,-9.126790476190473,1.5132095238095271
Aromatic,,,,,,mobley_3264884,-7.47,-7.293353095238093,0.17664690476190703
Aromatic,,,,,,mobley_7295828,-2.45,-2.885135079365079,-0.4351350793650788
Aromatic,,,,,,mobley_632905,-4.4,-4.433199404761907,-0.033199404761906415
Aromatic,,,,,,mobley_7009711,-6.27,-6.26330761904762,0.006692380952380006
Aromatic,,,,,,mobley_8809274,-0.25,-2.8616742857142863,-2.6116742857142863
Aromatic,,,,,,mobley_4780078,-6.01,-6.074392976190476,-0.06439297619047579
Aromatic,,,,,,mobley_8966374,-5.51,-5.044638174603174,0.46536182539682613
Aromatic,,,,,,mobley_3169935,-4.91,-5.398985357142855,-0.4889853571428553
Aromatic,,,,,,mobley_2859600,-1.24,-1.4932152380952377,-0.2532152380952377
Aromatic,,,,,,mobley_4291494,-4.39,-5.543755000000001,-1.1537550000000012
Aromatic,,,,,,mobley_2484519,-1.93,-1.7395219047619042,0.19047809523809578
Aromatic,,,,,,mobley_2613240,-5.33,-4.500895714285714,0.8291042857142861
Aromatic,,,,,,mobley_3144334,-5.91,-6.120478690476189,-0.21047869047618928
Aromatic,,,,,,mobley_4683624,-5.21,-5.921233333333336,-0.711233333333336
Aromatic,,,,,,mobley_1728386,-11.0,-9.905236904761903,1.094763095238097
Aromatic,,,,,,mobley_4218209,-7.48,-6.7963688095238055,0.6836311904761949
Aromatic,,,,,,mobley_1770205,-10.03,-7.368925357142854,2.6610746428571455
Aromatic,,,,,,mobley_4883284,-5.49,-5.8113559523809535,-0.32135595238095327
Aromatic,,,,,,mobley_8124669,-8.21,-7.8187490476190495,0.3912509523809513
Aromatic,,,,,,mobley_20524,-6.6,-6.458055714285714,0.14194428571428563
Aromatic,,,,,,mobley_5520946,-2.55,-2.4966484126984128,0.05335158730158707
Aromatic,,,,,,mobley_4609460,-9.2,-9.281722579365082,-0.08172257936508309
Aromatic,,,,,,mobley_8057732,-6.62,-6.391269761904764,0.22873023809523652
Aromatic,,,,,,mobley_2972345,-3.78,-3.256435833333333,0.5235641666666666
Aromatic,,,,,,mobley_3968739,-3.92,-4.0131409523809545,-0.09314095238095454
Aromatic,,,,,,mobley_1178614,-4.55,-5.04663404761905,-0.4966340476190503
Aromatic,,,,,,mobley_9510785,-3.48,-3.1261173809523823,0.35388261904761764
Aromatic,,,,,,mobley_8809190,-0.4,-0.3443186507936508,0.05568134920634921
Aromatic,,,,,,mobley_667278,-4.4,-4.106663452380954,0.29333654761904615
Aromatic,,,,,,mobley_2371092,-5.22,-4.869149285714288,0.3508507142857118
Aromatic,,,,,,mobley_852937,-6.19,-6.114673809523807,0.07532619047619349
Aromatic,,,,,,mobley_1079207,-0.98,-0.9243107936507936,0.05568920634920638
Aromatic,,,,,,mobley_8789465,-6.2,-5.985624642857144,0.21437535714285616
Aromatic,,,,,,mobley_4613090,-7.63,-8.177994325396824,-0.5479943253968242
Aromatic,,,,,,mobley_3777264,-8.84,-8.415322857142861,0.42467714285713853
Aromatic,,,,,,mobley_3746675,-1.24,-1.5073823809523805,-0.26738238095238054
Aromatic,,,,,,mobley_8861672,-4.86,-4.8623076190476215,-0.0023076190476212233
Aromatic,,,,,,mobley_7150646,-2.3,-1.897948809523809,0.40205119047619076
Aromatic,,,,,,mobley_2123854,-10.17,-9.20173583333333,0.9682641666666694
Aromatic,,,,,,mobley_349850,-4.7,-4.4900324134199145,0.20996758658008563
Aromatic,,,,,,mobley_6338073,-6.68,-7.588905476190478,-0.908905476190478
Aromatic,,,,,,mobley_4936555,-6.78,-7.871010000000001,-1.0910100000000007
Aromatic,,,,,,mobley_397645,-3.64,-3.9075014285714285,-0.26750142857142833
Aromatic,,,,,,mobley_1571523,-6.16,-6.248402619047619,-0.08840261904761881
Aromatic,,,,,,mobley_1849020,-6.5,-5.765645000000004,0.7343549999999963
Aromatic,,,,,,mobley_5510474,-3.81,-3.932113452380953,-0.12211345238095284
Aromatic,,,,,,mobley_8746821,-4.82,-4.661946825396826,0.15805317460317436
Aromatic,,,,,,mobley_4219614,-1.34,-1.718638253968254,-0.378638253968254
Aromatic,,,,,,mobley_486214,-6.96,-6.721529285714285,0.23847071428571454
Aromatic,,,,,,mobley_4884177,-4.59,-4.620975714285715,-0.030975714285714773
Aromatic,,,,,,mobley_2261979,-3.15,-2.969576785714287,0.18042321428571295
Aromatic,,,,,,mobley_3980099,-1.24,-1.0911339285714288,0.14886607142857122
Aromatic,,,,,,mobley_1905088,-2.38,-1.9288483333333328,0.45115166666666706
Aromatic,,,,,,mobley_5857,-5.72,-5.7129559523809545,0.007044047619045202
Aromatic,,,,,,mobley_2269032,-10.21,-9.679734444444446,0.5302655555555553
Aromatic,,,,,,mobley_3234716,-0.8,-0.8581764285714283,-0.05817642857142824
Aromatic,,,,,,mobley_4287564,-4.63,-4.788385389610391,-0.15838538961039106
Aromatic,,,,,,mobley_3452749,-1.21,-1.0194388095238094,0.19056119047619058
Aromatic,,,,,,mobley_3269819,-3.17,-4.062283452380954,-0.892283452380954
Aromatic,,,,,,mobley_2789243,-4.01,-4.500002142857144,-0.4900021428571444
Aromatic,,,,,,mobley_5063386,-4.58,-7.621665238095238,-3.041665238095238
Aromatic,,,,,,mobley_1396156,-5.22,-3.108624166666666,2.1113758333333337
Aromatic,,,,,,mobley_4678740,1.07,1.3745572222222215,0.3045572222222215
Aromatic,,,,,,mobley_5393242,-6.48,-6.580004166666671,-0.10000416666667089
Aromatic,,,,,,mobley_2681549,-0.78,-0.7761232142857142,0.0038767857142858464
Aromatic,,,,,,mobley_5561855,-1.96,-2.9718879365079376,-1.0118879365079376
Aromatic,,,,,,mobley_3040612,-0.85,-0.8293123809523806,0.0206876190476194
Aromatic,,,,,,mobley_8798016,-7.0,-7.327755119047618,-0.3277551190476178
Aromatic,,,,,,mobley_5948990,-7.37,-7.774977857142859,-0.4049778571428586
Aromatic,,,,,,mobley_9478823,-0.9,-0.8990280952380949,0.000971904761905118
Aromatic,,,,,,mobley_3525176,-0.23,-0.33296083333333326,-0.10296083333333325
Aromatic,,,,,,mobley_5003962,-11.53,-10.769188095238098,0.7608119047619013
Aromatic,,,,,,mobley_6102880,-2.87,-2.930534642857142,-0.06053464285714183
Aromatic,,,,,,mobley_2725215,-7.98,-7.524432023809525,0.4555679761904754
Aromatic,,,,,,mobley_3047364,-7.65,-7.431035476190474,0.21896452380952613
Aromatic,,,,,,mobley_2850833,-4.68,-6.918041428571425,-2.2380414285714254
Aromatic,,,,,,mobley_4035953,-5.9,-5.796029285714286,0.10397071428571447
Aromatic,,,,,,mobley_1755375,-5.26,-5.664040119047619,-0.40404011904761905
Aromatic,,,,,,mobley_2659552,-9.76,-8.71327642857143,1.0467235714285703
Aromatic,,,,,,mobley_2099370,-10.78,-9.960957777777772,0.8190422222222278
Aromatic,,,,,,mobley_3274817,-6.23,-6.450871666666664,-0.2208716666666639
Aromatic,,,,,,mobley_3398536,-1.74,-1.3306491666666664,0.40935083333333355
Aromatic,,,,,,mobley_7176248,-3.25,-4.267724523809523,-1.0177245238095232
Aromatic,,,,,,mobley_7017274,-3.88,-4.014514801587302,-0.13451480158730167
Aromatic,,,,,,mobley_2005792,-2.7,-2.9107060714285713,-0.21070607142857112
Aromatic,,,,,,mobley_8311303,-4.38,-3.7607820238095244,0.6192179761904755
Aromatic,,,,,,mobley_4395315,-6.79,-6.510169166666666,0.27983083333333436
Aromatic,,,,,,mobley_3359593,-5.26,-5.75052928571429,-0.49052928571429
Aromatic,,,,,,mobley_8208692,-4.61,-3.841197976190477,0.7688020238095232
Aromatic,,,,,,mobley_2782339,-9.61,-9.714191428571423,-0.10419142857142383
Aromatic,,,,,,mobley_8883511,-3.93,-4.176609119769122,-0.2466091197691216
Aromatic,,,,,,mobley_588781,-0.04,-0.23122750000000014,-0.19122750000000013
Aromatic,,,,,,mobley_9942801,-0.95,-0.8262371428571427,0.12376285714285729
Aromatic,,,,,,mobley_4934872,-5.23,-4.8541976190476195,0.37580238095238094
Aromatic,,,,,,mobley_6861308,-9.13,-8.902946309523811,0.22705369047618973
Aromatic,,,,,,mobley_4188615,-9.29,-8.680195000000003,0.6098049999999962
Aromatic,,,,,,mobley_5326154,-3.45,-2.6319225,0.8180775000000002
Aromatic,,,,,,mobley_5072416,-6.12,-6.511097380952379,-0.3910973809523792
Aromatic,,,,,,mobley_5445548,-0.3,-0.6485885714285713,-0.3485885714285713
Aromatic,,,,,,mobley_6303022,-4.73,-4.732502770562772,-0.0025027705627715946
Aromatic,,,,,,mobley_7912193,-8.72,-8.60689313492064,0.11310686507936119
Aromatic,,,,,,mobley_7497999,-4.58,-4.325863841991344,0.25413615800865585
Aromatic,,,,,,mobley_5094777,-1.46,-1.1932473809523805,0.2667526190476195
Aromatic,,,,,,mobley_2295058,-9.51,-9.566018809523808,-0.05601880952380789
Aromatic,,,,,,mobley_6688723,-6.44,-6.912472619047622,-0.47247261904762183
Aromatic,,,,,,mobley_2501588,-2.45,-4.467702857142858,-2.017702857142858
Aromatic,,,,,,mobley_3515580,-5.94,-5.986645595238098,-0.04664559523809775
Aromatic,,,,,,mobley_4845722,-2.33,-0.44418595238095226,1.8858140476190477
Aromatic,,,,,,mobley_9281946,-6.74,-7.0108032142857155,-0.2708032142857153
Aromatic,,,,,,mobley_6055410,-9.4,-9.566227380952379,-0.1662273809523782
Aromatic,,,,,,mobley_8127829,-0.79,-0.7083871428571427,0.08161285714285738
Aromatic,,,,,,mobley_5026370,-6.02,-6.10235638888889,-0.08235638888889074
Aromatic,,,,,,mobley_7814642,-1.12,-0.9456072619047619,0.17439273809523825
Aromatic,,,,,,mobley_5110043,-2.63,-2.572117499999999,0.057882500000000725
Aromatic,,,,,,mobley_5977084,-4.77,-4.766163571428572,0.0038364285714278523
Aromatic,,,,,,mobley_7039935,-7.67,-7.2898325,0.38016749999999977
Aromatic,,,,,,mobley_3843583,-7.28,-7.095432142857144,0.18456785714285662
Aromatic,,,,,,mobley_5600967,-11.01,-9.406073968253965,1.6039260317460347
Aromatic,,,,,,mobley_5917842,-5.8,-5.817994166666669,-0.017994166666668754
Aromatic,,,,,,mobley_8827942,-4.05,-3.900876785714287,0.14912321428571262
Aromatic,,,,,,mobley_2183616,-0.45,-0.5584619047619048,-0.10846190476190481
Aromatic,,,,,,mobley_5665561,-2.47,-2.4593024999999997,0.01069750000000047
Aromatic,,,,,,mobley_6430250,-0.53,-0.5755608333333337,-0.04556083333333372
Aromatic,,,,,,mobley_6804509,-1.34,-1.7127015873015876,-0.37270158730158753
Aromatic,,,,,,mobley_1328936,-6.88,-6.42178511904762,0.4582148809523803
Aromatic,,,,,,mobley_6082662,-9.82,-9.366749523809524,0.4532504761904761
Aromatic,,,,,,mobley_1733799,-5.85,-6.133084404761904,-0.28308440476190455
Aromatic,,,,,,mobley_2661134,-9.65,-7.96776607142857,1.6822339285714305
Aromatic,,,,,,mobley_7829570,-3.51,-4.245966190476191,-0.7359661904761916
Aromatic,,,,,,mobley_1922649,-7.19,-7.426830357142858,-0.23683035714285783
Aromatic,,,,,,mobley_1760914,-1.14,-1.0746921428571425,0.06530785714285736
Aromatic,,,,,,mobley_8723116,-5.9,-5.483326547619047,0.41667345238095344
Aromatic,,,,,,mobley_2354112,-6.25,-5.967666785714287,0.2823332142857131
Aromatic,,,,,,mobley_7774695,-4.69,-6.159628333333333,-1.4696283333333326
Aromatic,,,,,,mobley_7393673,-5.33,-5.94836880952381,-0.61836880952381
Aromatic,,,,,,mobley_2577969,-4.52,-4.529619801587303,-0.009619801587303023
Aromatic,,,,,,mobley_1855337,-1.62,-1.7468070634920636,-0.1268070634920635
Aromatic,,,,,,mobley_3969312,-4.02,-4.275031421356424,-0.2550314213564242
Aromatic,,,,,,mobley_6195751,-8.68,-8.389875000000002,0.29012499999999797
Aromatic,,,,,,mobley_6257907,-5.82,-5.483326547619047,0.33667345238095336
Aromatic,,,,,,mobley_1527293,-8.42,-7.851098571428569,0.5689014285714311
Aromatic,,,,,,mobley_6232400,-7.1,-8.187664761904758,-1.0876647619047581
Aromatic,,,,,,mobley_3201701,-9.41,-8.71772785714286,0.6922721428571403
Aromatic,,,,,,mobley_7239499,-3.52,-3.495698650793651,0.024301349206349077
Aromatic,,,,,,mobley_9414831,-2.44,-2.817354404761906,-0.3773544047619062
Aromatic,,,,,,mobley_5371840,-3.1,-3.47559365079365,-0.3755936507936499
Aromatic,,,,,,mobley_4553008,-1.01,-1.0298961904761905,-0.01989619047619051
Aromatic,,,,,,mobley_8052240,-9.44,-10.265250000000005,-0.8252500000000058
Aromatic,,,,,,mobley_296847,-4.69,-4.786135389610392,-0.09613538961039136
Aromatic,,,,,,mobley_2078467,-7.0,-8.583910992063492,-1.5839109920634922
Aromatic,,,,,,mobley_1449384,-0.68,-0.7375365079365074,-0.05753650793650733
Aromatic,,,,,,mobley_1987439,-0.9,-0.7837947619047619,0.11620523809523808
Aromatic,,,,,,mobley_7463799,-6.92,-6.526893809523807,0.39310619047619255
Aromatic,,,,,,mobley_5076071,-5.66,-6.960288809523808,-1.300288809523808
Aromatic,,,,,,mobley_4149784,-3.67,-3.7218947619047635,-0.05189476190476361
Aromatic,,,,,,mobley_2960202,-3.71,-3.8563400000000008,-0.1463400000000008
Aromatic,,,,,,mobley_9740891,-4.71,-4.250314761904763,0.4596852380952372
Aromatic,,,,,,mobley_5263791,-2.4,-2.6474208333333333,-0.24742083333333342
Aromatic,,,,,,mobley_9007496,-9.45,-9.018209801587304,0.4317901984126955
Aromatic,,,,,,mobley_7298388,-3.45,-3.4743813095238085,-0.024381309523808348
Aromatic,,,,,,mobley_6743808,-6.5,-6.237696666666666,0.26230333333333444
Aromatic,,,,,,mobley_1873346,-0.9,-1.0423640476190474,-0.14236404761904742
Aromatic,,,,,,mobley_5456566,-2.98,-0.2227816666666667,2.7572183333333333
Aromatic,,,,,,mobley_5518547,-5.57,-5.528225476190476,0.041774523809523956
Aromatic,,,,,,mobley_1520842,-4.93,-4.802743722943726,0.12725627705627396
Aromatic,,,,,,mobley_1821184,-5.88,-6.736884166666669,-0.8568841666666689
Aromatic,,,,,,mobley_2844990,-3.84,-3.92862011904762,-0.08862011904762035
Aromatic,,,,,,mobley_637522,-3.95,-3.8716148015873006,0.07838519841269953
Aromatic,,,,,,mobley_4483973,-0.8,-0.8466516666666664,-0.046651666666666314
Aromatic,,,,,,mobley_2126135,-5.66,-5.9227034523809525,-0.2627034523809524
Aromatic,,,,,,mobley_5282042,-7.43,-4.077563968253969,3.3524360317460307
Aromatic,,,,,,mobley_6988468,-4.33,-4.552700396825397,-0.2227003968253971
Aromatic,,,,,,mobley_8823527,-3.61,-2.9718879365079376,0.6381120634920623
Aromatic,,,,,,mobley_5708811,-9.86,-9.481829087301588,0.37817091269841185
Aromatic,,,,,,mobley_7988076,-8.83,-8.770877023809524,0.05912297619047635
Aromatic,,,,,,mobley_3663158,-8.11,-7.337743452380954,0.7722565476190457
Aromatic,,,,,,mobley_3053621,-0.9,-0.9439778571428569,-0.04397785714285685
Aromatic,,,,,,mobley_8207196,-10.22,-9.165814047619046,1.054185952380955
Aromatic,,,,,,mobley_2693089,-5.04,-5.28023892857143,-0.24023892857143014
Aromatic,,,,,,mobley_4494568,-1.39,-1.377959880952381,0.012040119047618925
Aromatic,,,,,,mobley_3183805,-0.86,-0.8772447619047615,-0.01724476190476154
Aromatic,,,,,,mobley_7326706,-5.04,-6.471505833333334,-1.4315058333333344
Aromatic,,,,,,mobley_1034539,-3.04,-3.7305264682539687,-0.6905264682539687
Aromatic,,,,,,mobley_1944394,-9.34,-7.637432142857144,1.7025678571428555
Aromatic,,,,,,mobley_3715043,-2.82,-2.444715833333333,0.37528416666666686
Aromatic,,,,,,mobley_628951,-2.28,-2.9193546031746034,-0.6393546031746036
Aromatic,,,,,,mobley_2518989,-5.74,-6.190359166666671,-0.4503591666666704
Aromatic,,,,,,mobley_6201330,-9.37,-8.64548646825397,0.7245135317460285
Aromatic,,,,,,mobley_1363784,-4.84,-4.84531849206349,-0.005318492063490332
Aromatic,,,,,,mobley_2923700,-6.13,-5.871689404761907,0.2583105952380933
Aromatic,,,,,,mobley_6843802,-1.29,-0.9737764285714282,0.3162235714285718
Aromatic,,,,,,mobley_9821936,-4.53,-3.890856666666668,0.6391433333333323
Aromatic,,,,,,mobley_5467162,-5.91,-7.119114285714286,-1.2091142857142856
Aromatic,,,,,,mobley_9565165,-3.35,-3.342814166666667,0.007185833333333225
Aromatic,,,,,,mobley_2845466,-3.37,-3.92862011904762,-0.5586201190476201
Aromatic,,,,,,mobley_7200804,-5.29,-4.898826666666667,0.3911733333333327
Aromatic,,,,,,mobley_1046331,-3.82,-4.07791761904762,-0.2579176190476198
Non-aromatic cyclic,,,,,,mobley_2328633,2.55,2.7676630952380954,0.21766309523809557
Non-aromatic cyclic,,,,,,mobley_5852491,1.59,1.4067221825396825,-0.18327781746031757
Non-aromatic cyclic,,,,,,mobley_8899867,-5.49,-5.180325119047622,0.30967488095237794
Non-aromatic cyclic,,,,,,mobley_4715906,1.58,1.8982831349206335,0.3182831349206334
Non-aromatic cyclic,,,,,,mobley_8006582,1.2,1.3800412301587304,0.18004123015873041
Non-aromatic cyclic,,,,,,mobley_6416775,2.13,2.2633578571428563,0.13335785714285642
Non-aromatic cyclic,,,,,,mobley_2784376,0.75,0.6326387698412701,-0.1173612301587299
Non-aromatic cyclic,,,,,,mobley_2689721,1.23,1.4880559920634926,0.2580559920634926
Non-aromatic cyclic,,,,,,mobley_9100956,1.7,1.7701331349206348,0.07013313492063489
Non-aromatic cyclic,,,,,,mobley_7010316,-5.46,-5.031886904761909,0.42811309523809093
Non-aromatic cyclic,,,,,,mobley_9139060,2.11,2.282891428571427,0.17289142857142714
Non-aromatic cyclic,,,,,,mobley_1244778,-5.48,-4.990883333333337,0.4891166666666633
Nitrogen based,,,,,,mobley_7532833,-3.88,-4.004581785714285,-0.1245817857142848
Nitrogen based,,,,,,mobley_7203421,-9.31,-8.672483214285712,0.637516785714288
Nitrogen based,,,,,,mobley_4893032,-3.52,-3.2715305952380955,0.2484694047619045
Nitrogen based,,,,,,mobley_4305650,-3.84,-3.9966707142857127,-0.1566707142857129
Nitrogen based,,,,,,mobley_8048190,-9.71,-9.21063833333333,0.4993616666666707
Nitrogen based,,,,,,mobley_6006813,-3.09,-2.7344647619047624,0.35553523809523746
Nitrogen based,,,,,,mobley_8221999,-3.64,-3.6008435714285696,0.039156428571430535
Nitrogen based,,,,,,mobley_1235151,-2.82,-2.6166976190476197,0.20330238095238018
Nitrogen based,,,,,,mobley_8320545,-3.71,-3.4511188888888875,0.25888111111111245
Nitrogen based,,,,,,mobley_8427539,-9.4,-8.971642619047621,0.4283573809523791
Nitrogen based,,,,,,mobley_9671033,-3.34,-3.0188459523809517,0.3211540476190482
Nitrogen based,,,,,,mobley_1952272,-4.02,-3.722584761904761,0.2974152380952386
Misc,,,,,,mobley_9729792,-0.99,-0.9270780952380953,0.06292190476190473
Misc,,,,,,mobley_5631798,-4.29,-5.32802214285714,-1.0380221428571401
Misc,,,,,,mobley_4603202,-4.23,-3.3113514285714287,0.9186485714285717
Misc,,,,,,mobley_9460824,-4.37,-5.355075000000002,-0.9850750000000019
Misc,,,,,,mobley_6714389,-4.55,-4.788764047619049,-0.2387640476190489
Misc,,,,,,mobley_1323538,-7.5,-7.711991785714288,-0.21199178571428767
Misc,,,,,,mobley_7364468,-5.18,-4.554115357142857,0.6258846428571427
Misc,,,,,,mobley_5347550,-1.12,-1.8270846428571432,-0.7070846428571431
Misc,,,,,,mobley_1659169,-7.17,-6.681078333333331,0.4889216666666689
Misc,,,,,,mobley_7754849,-6.1,-6.168053690476195,-0.06805369047619525
Misc,,,,,,mobley_2881590,-1.88,-2.1513552380952388,-0.27135523809523887
Misc,,,,,,mobley_8713762,-4.13,-3.6969484523809517,0.4330515476190482
Misc,,,,,,mobley_4689084,-6.34,-6.333332619047622,0.006667380952378288
Misc,,,,,,mobley_550662,-4.42,-3.9118301190476203,0.5081698809523796
Misc,,,,,,mobley_3210206,-4.95,-4.929038095238096,0.020961904761904293
Misc,,,,,,mobley_7735340,-9.63,-8.29000119047619,1.3399988095238111
Misc,,,,,,mobley_8011706,-7.81,-7.346572380952381,0.46342761904761876
Misc,,,,,,mobley_6248915,-3.65,-3.8654292857142876,-0.21542928571428765
Misc,,,,,,mobley_4687447,-6.4,-5.833132619047617,0.5668673809523836
Misc,,,,,,mobley_9653690,-4.44,-4.805991904761905,-0.3659919047619047
Misc,,,,,,mobley_194273,-9.73,-9.748741349206352,-0.018741349206351288
Misc,,,,,,mobley_5880265,-6.25,-5.981050833333333,0.26894916666666724
Misc,,,,,,mobley_2958326,-3.65,-3.691153650793652,-0.0411536507936523
Misc,,,,,,mobley_430089,0.01,0.2508384920634921,0.24083849206349212
Misc,,,,,,mobley_6917738,-6.55,-6.2586304761904765,0.2913695238095233
Misc,,,,,,mobley_5052949,-1.28,-1.2685438095238102,0.011456190476189843
Misc,,,,,,mobley_2481002,-1.45,-2.6930754761904767,-1.2430754761904768
Misc,,,,,,mobley_9794857,-2.21,-2.1357805952380957,0.07421940476190425
Misc,,,,,,mobley_3686115,-3.28,-3.2060469841269836,0.07395301587301617
Misc,,,,,,mobley_63712,-3.88,-2.610650595238095,1.269349404761905
Misc,,,,,,mobley_9246215,0.93,0.328425,-0.601575
Misc,,,,,,mobley_6081058,-3.43,-3.4315088095238093,-0.0015088095238091626
Misc,,,,,,mobley_2725802,-9.8,-7.476553650793652,2.323446349206349
Misc,,,,,,mobley_8118832,-5.03,-4.815014047619047,0.2149859523809532
Misc,,,,,,mobley_4850657,-4.87,-6.817274404761906,-1.947274404761906
Misc,,,,,,mobley_6911232,-2.1,-2.100841547619047,-0.0008415476190468674
Misc,,,,,,mobley_2837389,-4.78,-4.909389523809524,-0.1293895238095235
Misc,,,,,,mobley_4630641,-4.84,-4.024465357142857,0.815534642857143
Misc,,,,,,mobley_8522124,0.71,0.5898573809523807,-0.12014261904761925
Misc,,,,,,mobley_1674094,0.29,0.3916540476190475,0.1016540476190475
Misc,,,,,,mobley_9979854,-4.2,-4.784119642857144,-0.5841196428571438
Misc,,,,,,mobley_3006808,-4.31,-6.157127142857146,-1.847127142857146
Misc,,,,,,mobley_2279874,-4.42,-4.310142261904764,0.10985773809523636
Misc,,,,,,mobley_9741965,-4.29,-4.033575476190476,0.25642452380952374
Misc,,,,,,mobley_5690766,1.01,0.4882478571428571,-0.5217521428571429
Misc,,,,,,mobley_8578590,-9.28,-8.504350238095236,0.7756497619047629
Misc,,,,,,mobley_4620651,-4.1,-3.3083478571428566,0.791652142857143
Misc,,,,,,mobley_1352110,-3.64,-3.6379195238095234,0.0020804761904766877
Misc,,,,,,mobley_6115639,-8.7,-8.228691428571429,0.47130857142857074
Misc,,,,,,mobley_590519,-1.64,-2.0697423809523805,-0.4297423809523806
Misc,,,,,,mobley_1417007,-9.01,-8.158356428571427,0.851643571428573
Misc,,,,,,mobley_1800170,-1.14,-1.2832716666666668,-0.1432716666666669
Misc,,,,,,mobley_9705941,-1.38,-1.4511667857142856,-0.0711667857142857
Misc,,,,,,mobley_8426916,-4.07,-4.127013412698414,-0.057013412698413646
Misc,,,,,,mobley_9028462,-1.1,-4.189745079365079,-3.089745079365079
Misc,,,,,,mobley_2422586,-1.66,-2.036663690476191,-0.37666369047619086
Misc,,,,,,mobley_4983965,-1.46,-1.4802758333333335,-0.020275833333333493
Misc,,,,,,mobley_8117218,-4.82,-5.097430595238093,-0.27743059523809244
Misc,,,,,,mobley_3775790,-2.89,-2.9224740476190476,-0.032474047619047486
Misc,,,,,,mobley_2049967,-1.5,-1.64377119047619,-0.14377119047619003
Misc,,,,,,mobley_5056289,-3.3,-2.334089880952382,0.965910119047618
Misc,,,,,,mobley_4639255,-9.3,-8.799107619047618,0.5008923809523829
Misc,,,,,,mobley_6739648,-5.06,-4.246300952380952,0.813699047619048
Misc,,,,,,mobley_7015518,-1.91,-2.262545833333333,-0.3525458333333329
Misc,,,,,,mobley_7869158,-1.82,-2.0421461904761915,-0.22214619047619144
Misc,,,,,,mobley_5692472,-4.29,-4.990350238095241,-0.7003502380952407
Misc,,,,,,mobley_6978427,-3.3,-3.291996666666665,0.008003333333334695
Misc,,,,,,mobley_5006685,-4.09,-4.002456190476191,0.08754380952380902
Misc,,,,,,mobley_197466,-4.61,-4.114820119047618,0.4951798809523824
Misc,,,,,,mobley_628086,-4.16,-4.777919642857144,-0.6179196428571441
Misc,,,,,,mobley_9571888,-4.23,-5.663228095238095,-1.4332280952380945
Misc,,,,,,mobley_902954,-2.09,-2.102474523809525,-0.012474523809525184
Misc,,,,,,mobley_1160109,-3.75,-3.7212373809523798,0.02876261904762023
Misc,,,,,,mobley_5747981,-5.73,-5.626490198412697,0.10350980158730305
Misc,,,,,,mobley_5732611,-10.27,-8.512956785714284,1.7570432142857157
Misc,,,,,,mobley_6309289,-5.11,-5.1138276190476235,-0.0038276190476231875
Misc,,,,,,mobley_7860938,-3.24,-3.7761638888888904,-0.5361638888888902
Misc,,,,,,mobley_3083321,-2.93,-3.3675338095238097,-0.4375338095238095
Misc,,,,,,mobley_468867,-2.55,-3.0976177777777774,-0.5476177777777775
Misc,,,,,,mobley_5616693,-2.53,-3.3129283333333324,-0.7829283333333326
Misc,,,,,,mobley_4463913,-4.97,-6.247358809523812,-1.277358809523812
Misc,,,,,,mobley_646007,-5.48,-5.10817650793651,0.3718234920634904
Misc,,,,,,mobley_6935906,-2.49,-2.6791771969696963,-0.18917719696969604
Misc,,,,,,mobley_900088,0.4,0.36550166666666656,-0.034498333333333464
Misc,,,,,,mobley_5816127,-6.619999999999999,-6.427580476190474,0.19241952380952565
Misc,,,,,,mobley_9185328,-4.39,-4.6126521428571445,-0.22265214285714485
Misc,,,,,,mobley_525934,-1.2,-1.3628150000000003,-0.16281500000000038
Misc,,,,,,mobley_1929982,-0.7,-0.4910799603174601,0.20892003968253986
Misc,,,,,,mobley_49274,0.6,0.6287459523809524,0.028745952380952455
Misc,,,,,,mobley_1963873,-10.0,-8.462013809523809,1.5379861904761913
Misc,,,,,,mobley_9626434,-6.69,-6.460189047619048,0.2298109523809524
Misc,,,,,,mobley_1615431,-0.53,-1.0972765476190476,-0.5672765476190476
Misc,,,,,,mobley_511661,0.56,0.24193059523809526,-0.3180694047619048
Misc,,,,,,mobley_7360181,-0.8,-3.279377857142856,-2.4793778571428557
Misc,,,,,,mobley_1743409,-5.71,-7.1032888095238125,-1.3932888095238125
Misc,,,,,,mobley_6198745,-8.84,-6.545284523809523,2.2947154761904764
Misc,,,,,,mobley_7676709,-4.51,-3.877539365079364,0.6324606349206356
Misc,,,,,,mobley_8882696,-3.47,-2.5872760714285707,0.8827239285714295
Misc,,,,,,mobley_2771569,-7.77,-6.38019119047619,1.3898088095238093
Misc,,,,,,mobley_3589456,-4.59,-4.146336904761905,0.44366309523809466
Misc,,,,,,mobley_2402487,-6.0,-6.332428571428572,-0.3324285714285722
Misc,,,,,,mobley_4059279,-7.58,-2.270610357142858,5.309389642857142
Misc,,,,,,mobley_9121449,-0.16,-0.38183476190476173,-0.22183476190476173
Misc,,,,,,mobley_9974966,-1.21,-1.0190458333333334,0.19095416666666654
Misc,,,,,,mobley_1708457,-10.08,-7.643653452380955,2.4363465476190447
Misc,,,,,,mobley_8765203,0.68,0.45695714285714295,-0.2230428571428571
Misc,,,,,,mobley_819018,-4.45,-4.520034166666667,-0.07003416666666684
Misc,,,,,,mobley_8785107,-2.92,-2.337929285714285,0.5820707142857149
Misc,,,,,,mobley_6060301,-3.95,-4.060905833333334,-0.1109058333333337
Misc,,,,,,mobley_5499659,-8.41,-7.48814150793651,0.9218584920634898
Misc,,,,,,mobley_3727287,-6.5,-6.639760912698412,-0.13976091269841184
Misc,,,,,,mobley_7261305,-9.3,-9.231570238095236,0.06842976190476513
Misc,,,,,,mobley_9201263,-4.87,-6.138149047619049,-1.2681490476190485
Misc,,,,,,mobley_8705848,-3.22,-3.666995079365081,-0.446995079365081
Misc,,,,,,mobley_3269565,-2.01,-2.0666498809523812,-0.05664988095238144
Misc,,,,,,mobley_9733743,-4.24,-4.226383809523809,0.013616190476191115
Misc,,,,,,mobley_9073553,-1.61,-1.2993205952380953,0.3106794047619048
Misc,,,,,,mobley_1036761,-4.59,-4.7509620238095245,-0.16096202380952462
Misc,,,,,,mobley_8558116,-6.32,-5.4860350396825375,0.8339649603174628
Misc,,,,,,mobley_52782,-5.73,-5.042938095238097,0.6870619047619035
Misc,,,,,,mobley_1723043,3.43,2.0884569841269838,-1.3415430158730164
Misc,,,,,,mobley_5200358,-9.84,-9.080209285714284,0.7597907142857157
Misc,,,,,,mobley_8260524,-0.48,-0.8038242857142859,-0.3238242857142859
Misc,,,,,,mobley_5760563,-5.1,-5.958034285714286,-0.858034285714286
Misc,,,,,,mobley_8449031,-3.22,-2.2521376190476197,0.9678623809523805
Misc,,,,,,mobley_6497672,-4.22,-3.794870396825398,0.4251296031746019
Misc,,,,,,mobley_352111,-6.34,-6.333332619047622,0.006667380952378288
Misc,,,,,,mobley_6266306,-5.56,-5.76423119047619,-0.20423119047619043
Misc,,,,,,mobley_8916409,-8.15,-7.571912023809524,0.578087976190476
Misc,,,,,,mobley_951560,-7.4,-7.44070976190476,-0.04070976190475939
Misc,,,,,,mobley_718988,-3.79,-3.837143095238097,-0.04714309523809712
Misc,,,,,,mobley_3802803,-1.66,-2.0089616666666665,-0.3489616666666666
Misc,,,,,,mobley_7542832,-1.16,-1.1034120238095242,0.05658797619047573
Misc,,,,,,mobley_7142697,-4.09,-4.216632142857144,-0.12663214285714375
Misc,,,,,,mobley_3323117,-8.61,-7.408141547619047,1.2018584523809528
Misc,,,,,,mobley_2410897,-4.5,-4.884481984126984,-0.3844819841269844
Misc,,,,,,mobley_2972906,-1.4,-1.4648157142857137,-0.06481571428571375
Misc,,,,,,mobley_1563176,-0.99,-1.270406190476191,-0.280406190476191
Misc,,,,,,mobley_2043882,-3.9,-3.7065530952380947,0.19344690476190518
Misc,,,,,,mobley_9114381,-6.72,-6.754815674603175,-0.03481567460317514
Misc,,,,,,mobley_9897248,-4.78,-4.523664166666666,0.2563358333333339
Misc,,,,,,mobley_6929123,-4.0,-3.429541666666667,0.5704583333333328
Misc,,,,,,mobley_3105103,-11.14,-10.535032619047621,0.6049673809523792
Misc,,,,,,mobley_1144156,-1.59,-1.902473214285715,-0.31247321428571495
Misc,,,,,,mobley_186894,-1.1,-1.2442140476190482,-0.1442140476190481
Misc,,,,,,mobley_3395921,-3.12,-2.102341666666667,1.0176583333333329
Misc,,,,,,mobley_4690963,-3.54,-3.6182697619047635,-0.07826976190476342
Misc,,,,,,mobley_7417968,-5.31,-4.882106666666669,0.4278933333333308
Misc,,,,,,mobley_2792521,-3.68,-3.842594761904761,-0.16259476190476096
Misc,,,,,,mobley_129464,-0.83,-0.9908139285714289,-0.16081392857142895
Misc,,,,,,mobley_6727159,-8.18,-8.459213333333334,-0.27921333333333465
Misc,,,,,,mobley_4964807,-5.99,-6.557158293650792,-0.5671582936507917
Misc,,,,,,mobley_7913234,-5.73,-4.309432857142859,1.4205671428571414
Misc,,,,,,mobley_7690440,-1.83,-1.4470302380952378,0.3829697619047623
Misc,,,,,,mobley_8789864,-6.4,-6.554618174603177,-0.1546181746031765
Misc,,,,,,mobley_9209581,-3.2,-3.224120952380953,-0.024120952380952687
Misc,,,,,,mobley_967099,-3.13,-3.2427346031746027,-0.11273460317460282
Misc,,,,,,mobley_2636578,-4.8,-4.2236673809523815,0.5763326190476183
Misc,,,,,,mobley_2023925,0.1,-0.6744561111111106,-0.7744561111111106
