mobleyID,pol,psa,n_donors,nrotb,group_id,dG_exp,n_acceptors,logP
mobley_7532833,-0.08723575606222739,0.5685235764224948,-0.642557364597716,-1.1108400313792317,7.0,-3.88,0.10793553819079023,-0.9376393086851915
mobley_2198613,1.2800564835933146,-1.2630761375714548,-0.642557364597716,-1.1108400313792317,4.0,-0.63,-1.2552693862452016,-0.4576182379716121
mobley_9257453,-0.29794164553374436,0.4515064940762741,1.536874852881657,-1.1108400313792317,5.0,-7.29,0.10793553819079023,0.5181691207578321
mobley_755351,-0.7458874110134458,0.8706720620377958,1.536874852881657,0.09298346407935455,5.0,-7.29,0.7694782383247957,-0.43594004023658145
mobley_9729792,0.6843538608570513,-1.2630761375714548,-0.642557364597716,-1.1108400313792317,8.0,-0.99,-1.2552693862452016,0.08843073036340102
mobley_7203421,-0.836562345888118,1.0352563710202471,1.536874852881657,1.2548555160033121,7.0,-9.31,0.10793553819079023,-0.5872176182389315
mobley_3167746,2.1180965860956436,-1.2630761375714548,-0.642557364597716,1.4401079617407135,4.0,2.88,-1.2552693862452016,0.9663641810505101
mobley_1967551,-0.26846853056711273,0.3335261840950065,-0.642557364597716,-1.1108400313792317,1.0,-3.5,0.10793553819079023,-1.1555488207783724
mobley_6522117,-3.5645436947105416,1.0672191443483867,-0.642557364597716,1.7066643047050067,5.0,-7.07,1.483894475203765,2.551288761585336
mobley_6353617,-1.0236080406586727,0.7425398807626523,-0.642557364597716,0.09298346407935455,5.0,-8.26,0.7694782383247957,-0.43137620913446983
mobley_547634,0.27299746079571585,-1.2630761375714548,-0.642557364597716,-1.1108400313792317,5.0,-2.78,-1.2552693862452016,1.0266604437289977
mobley_3968043,-0.09762578495603802,0.3335261840950065,-0.642557364597716,-1.1108400313792317,1.0,-4.7,0.10793553819079023,-0.5352033667075113
mobley_5631798,-0.588567126585908,0.8649681942321086,1.536874852881657,-1.1108400313792317,8.0,-4.29,0.10793553819079023,-1.1845425713094353
mobley_7463408,-0.7559636139554183,0.7200664348622694,1.536874852881657,0.6590476294837116,5.0,-7.78,0.10793553819079023,0.9496525053971889
mobley_4603202,-0.06817184128134023,-0.054705421602073444,-0.642557364597716,1.2548555160033121,8.0,-4.23,0.10793553819079023,-0.299562028479361
mobley_2328633,2.082595507296851,-1.2630761375714548,-0.642557364597716,1.2548555160033121,6.0,2.55,-1.2552693862452016,1.2281804329525368
mobley_9460824,-1.5005410544222015,0.38732032910098085,-0.642557364597716,1.8073796313645762,8.0,-4.37,1.710499806213434,1.2085828052787633
mobley_1424265,0.6980750361452442,-1.2630761375714548,-0.642557364597716,-1.1108400313792317,5.0,-0.83,-1.2552693862452016,0.252688380941463
mobley_242480,-1.664286200378921,1.659591927353666,1.6847862533744447,-1.1108400313792317,5.0,-11.85,1.483894475203765,-0.2017081204370246
mobley_994483,1.193836907405077,-1.2630761375714548,-0.642557364597716,-1.1108400313792317,4.0,-0.74,-1.2552693862452016,-0.3528514681128418
mobley_6714389,-0.18644700964829772,0.635077180338356,1.536874852881657,-1.1108400313792317,8.0,-4.55,0.10793553819079023,-1.5785756948461684
mobley_2451097,-0.20079002449352107,0.5685235764224948,-0.642557364597716,-1.1108400313792317,5.0,-4.1,0.10793553819079023,-0.24742696965406116
mobley_313406,0.045456759288574934,0.4515064940762741,1.536874852881657,0.09298346407935455,0.0,-4.85,0.10793553819079023,-1.0323924961846227
mobley_2364370,-0.3430961589820793,0.6431173759639041,-0.642557364597716,1.00925637645273,3.0,-2.64,0.7694782383247957,-0.3874828923582778
mobley_5538249,0.3848952226972065,-1.2630761375714548,-0.642557364597716,0.09298346407935455,5.0,-2.16,-1.2552693862452016,2.2730964098463193
mobley_7066554,-0.3697289754141838,0.4515064940762741,1.536874852881657,-1.1108400313792317,5.0,-7.03,0.10793553819079023,0.07963864397550986
mobley_2913224,-1.335032403499949,1.3748914959483935,1.536874852881657,0.6590476294837116,5.0,-9.94,1.1868964296043982,-0.41399338184848544
mobley_5852491,2.0575196229976735,-1.2630761375714548,-0.642557364597716,-1.1108400313792317,6.0,1.59,-1.2552693862452016,0.1809154253444298
mobley_5747188,0.09159149590522823,1.1506393373992443,-0.642557364597716,0.09298346407935455,5.0,-3.58,1.1868964296043982,-0.08719622887198025
mobley_6359156,0.29037127603641816,-1.2630761375714548,-0.642557364597716,0.09298346407935455,5.0,-2.46,-1.2552693862452016,1.8345659330639965
mobley_7794077,-1.9158318552071893,1.4047710009322996,1.6847862533744447,-1.1108400313792317,8.0,-15.46,0.7694782383247957,-1.2382347019225142
mobley_7227357,0.2758127199061509,0.4515064940762741,1.536874852881657,0.6590476294837116,0.0,-4.35,0.10793553819079023,-0.5098338349928315
mobley_7599023,0.5088116295007051,-1.2630761375714548,-0.642557364597716,-1.1108400313792317,5.0,-1.46,-1.2552693862452016,0.3504483277552268
mobley_3976574,0.42603306260998164,0.38732032910098085,-0.642557364597716,-1.1108400313792317,5.0,-4.15,0.7694782383247957,3.3051933905562287
mobley_4434915,1.0999365181548597,-1.2630761375714548,-0.642557364597716,-1.1108400313792317,4.0,-0.55,-1.2552693862452016,-0.7194344898736386
mobley_4252724,0.7410518482473999,-1.2630761375714548,-0.642557364597716,0.6590476294837116,5.0,0.16,-1.2552693862452016,0.6430704395965078
mobley_8525830,0.6947022069870584,-1.2630761375714548,-0.642557364597716,1.00925637645273,4.0,-0.14,-1.2552693862452016,0.4595104680630438
mobley_1323538,-3.632764026128763,1.0672191443483867,-0.642557364597716,1.586687728158307,8.0,-7.5,1.483894475203765,0.18594906258940555
mobley_3259411,-1.198826747890333,1.3325628190800956,1.713378345899499,0.6590476294837116,8.0,-13.43,1.1868964296043982,-2.412817174246883
mobley_1858644,-0.3927556859289109,0.4515064940762741,1.536874852881657,0.6590476294837116,5.0,-6.79,0.10793553819079023,-0.47352453166573694
mobley_7375018,-0.11356225539683894,0.3335261840950065,-0.642557364597716,1.8073796313645762,1.0,-2.15,0.10793553819079023,1.2007974463398663
mobley_4375719,2.121492964813025,-1.2630761375714548,-0.642557364597716,1.586687728158307,4.0,3.13,-1.2552693862452016,1.2281804329525368
mobley_7364468,-0.20736136943690014,0.3335261840950065,-0.642557364597716,-1.1108400313792317,8.0,-5.18,0.10793553819079023,0.2650107249171649
mobley_1199854,0.6623986810159985,-1.2630761375714548,-0.642557364597716,0.09298346407935455,4.0,-0.53,-1.2552693862452016,-0.06412203574100966
mobley_2178600,1.5799600012916901,-1.2630761375714548,-0.642557364597716,1.00925637645273,4.0,-0.1,-1.2552693862452016,0.32783051773446753
mobley_3325209,-0.6207438021759376,0.6820741257515789,-0.642557364597716,1.2548555160033121,5.0,-4.04,1.1868964296043982,-0.1280827863338401
mobley_3639400,1.4446592265873754,-1.2630761375714548,-0.642557364597716,0.6590476294837116,4.0,-0.16,-1.2552693862452016,0.06601426583244063
mobley_7769613,1.755817161828873,-1.2630761375714548,-0.642557364597716,-1.1108400313792317,4.0,0.84,-1.2552693862452016,0.16970719307894946
mobley_1781152,-0.23156029384217622,0.6431173759639041,-0.642557364597716,-1.1108400313792317,3.0,-2.4,0.7694782383247957,-0.48419584262508625
mobley_5347550,-0.2849215459523073,-0.054705421602073444,-0.642557364597716,0.6590476294837116,8.0,-1.12,0.10793553819079023,0.06869887236309459
mobley_1923244,2.105040158167325,-1.2630761375714548,-0.642557364597716,0.09298346407935455,4.0,2.1,-1.2552693862452016,-0.08090082655759678
mobley_1659169,-0.3892417369935182,0.48689503782699917,1.536874852881657,-1.1108400313792317,8.0,-7.17,0.7694782383247957,-1.5575686487438014
mobley_7754849,-2.265558804774083,0.9079811376117005,-0.642557364597716,2.0933768389184233,8.0,-6.1,2.1671633186071757,2.0660461311696348
mobley_2925352,-0.3519352690346719,0.4515064940762741,1.536874852881657,-1.1108400313792317,5.0,-6.13,0.10793553819079023,-0.15189524626074075
mobley_4587267,-1.8944561333157293,2.00228865563129,1.7268880301965803,1.4401079617407135,8.0,-23.62,1.891512552730193,-3.699616199552586
mobley_2881590,0.3701795145041575,1.3010047481533227,-0.642557364597716,1.00925637645273,8.0,-1.88,1.483894475203765,-0.7082933727714247
mobley_1469079,-0.06577669410126055,0.38732032910098085,-0.642557364597716,-1.1108400313792317,5.0,-3.56,0.7694782383247957,1.9896019602092618
mobley_2146331,-0.3537129184619974,0.3335261840950065,-0.642557364597716,-1.1108400313792317,1.0,-2.75,0.10793553819079023,-1.4173650726803988
mobley_5890803,-0.18487413186186233,0.6431173759639041,-0.642557364597716,1.00925637645273,3.0,-2.44,0.7694782383247957,-0.3874828923582778
mobley_8691603,-0.3184273824172206,0.4515064940762741,1.536874852881657,-1.1108400313792317,5.0,-5.49,0.10793553819079023,-0.15189524626074075
mobley_7893124,0.7579955705961174,-1.2630761375714548,-0.642557364597716,-1.1108400313792317,5.0,-0.44,-1.2552693862452016,0.7095144512301932
mobley_6235784,1.8832227059510909,-1.2630761375714548,-0.642557364597716,0.09298346407935455,4.0,0.0,-1.2552693862452016,0.06494042322017887
mobley_8713762,-0.41165210012242004,0.4543041238601868,-0.642557364597716,1.586687728158307,8.0,-4.13,0.7694782383247957,0.9695857088872951
mobley_3266352,-0.6772810501198865,-0.5773529194429764,-0.642557364597716,0.6590476294837116,5.0,-1.92,0.10793553819079023,0.5088401130638102
mobley_4479135,0.03781035125049988,-1.2630761375714548,-0.642557364597716,0.6590476294837116,5.0,-2.78,-1.2552693862452016,1.2222742985850976
mobley_4699732,0.9344034363341341,-1.2630761375714548,-0.642557364597716,0.09298346407935455,4.0,-1.27,-1.2552693862452016,-0.049960736291810005
mobley_7859387,-0.10106009543307673,0.3335261840950065,-0.642557364597716,1.4401079617407135,1.0,-2.67,0.10793553819079023,0.15353243873175956
mobley_5220185,-0.7995166766908208,0.6281319404509236,-0.642557364597716,0.09298346407935455,5.0,-5.45,0.7694782383247957,-0.5959425894635569
mobley_5494918,-0.48959128964839865,-1.2630761375714548,-0.642557364597716,-1.1108400313792317,2.0,2.93,-1.2552693862452016,0.4693763970631961
mobley_5571660,-0.44843413721969017,0.635077180338356,1.536874852881657,-1.1108400313792317,5.0,-5.21,0.10793553819079023,-0.02771877118534207
mobley_7176290,-0.6214554064723136,1.4573953266510684,1.536874852881657,0.09298346407935455,5.0,-9.62,1.483894475203765,-0.49177985607418373
mobley_4689084,-1.1720217334788505,1.2057789952968179,-0.642557364597716,1.00925637645273,8.0,-6.34,1.483894475203765,-1.2176974619630114
mobley_3265457,-1.1815491669967852,1.2570263535753545,1.536874852881657,1.00925637645273,5.0,-7.78,1.483894475203765,-0.03465847906708284
mobley_2245668,0.08508992377431869,0.4515064940762741,1.536874852881657,0.09298346407935455,0.0,-4.5,0.10793553819079023,-0.8672891945494048
mobley_550662,-0.43152053539028246,0.6820741257515789,-0.642557364597716,1.00925637645273,8.0,-4.42,1.1868964296043982,-0.8910479623456923
mobley_7977115,0.3073652384152501,0.4515064940762741,1.536874852881657,1.00925637645273,0.0,-4.06,0.10793553819079023,-0.24801758309080518
mobley_3211679,1.5280500701163011,-1.2630761375714548,-0.642557364597716,-1.1108400313792317,2.0,0.14,-1.2552693862452016,0.12729040989461698
mobley_1261349,2.098128811424114,-1.2630761375714548,-0.642557364597716,-1.1108400313792317,4.0,2.51,-1.2552693862452016,0.08420247507762108
mobley_2763835,0.10936387145177738,-0.054705421602073444,-0.642557364597716,0.6590476294837116,5.0,-2.22,0.10793553819079023,0.1062833637922499
mobley_3210206,-0.4717513335695768,1.9659530433065084,-0.642557364597716,1.4401079617407135,8.0,-4.95,2.1671633186071757,-1.4051501129659234
mobley_7735340,-0.9169256707070824,0.7089023512075409,1.536874852881657,-1.1108400313792317,8.0,-9.63,0.10793553819079023,-1.0182983118986895
mobley_4177472,2.088719657880521,-1.2630761375714548,-0.642557364597716,0.6590476294837116,4.0,2.56,-1.2552693862452016,0.6762253302500842
mobley_6620221,-1.1616162140932593,1.1187588599636065,1.536874852881657,0.09298346407935455,5.0,-9.61,1.1868964296043982,0.12843136767014462
mobley_8011706,-0.647355298155542,0.4543041238601868,-0.642557364597716,0.09298346407935455,8.0,-7.81,0.10793553819079023,-1.491661558416247
mobley_9717937,0.21199724943691015,-1.2630761375714548,-0.642557364597716,0.09298346407935455,5.0,-2.69,-1.2552693862452016,1.3960354562816741
mobley_4584540,-0.34350447283535523,0.14867518327137882,-0.642557364597716,-1.1108400313792317,5.0,-4.59,0.10793553819079023,-0.1533583568199469
mobley_282648,0.15160601528225315,-1.2630761375714548,-0.642557364597716,-1.1108400313792317,5.0,-2.4,-1.2552693862452016,0.6126672706368517
mobley_6248915,0.029388991235798544,0.635077180338356,1.536874852881657,1.586687728158307,8.0,-3.65,0.10793553819079023,0.2541380684680161
mobley_6794076,-1.0126239582817143,0.7425398807626523,-0.642557364597716,0.09298346407935455,5.0,-7.62,0.7694782383247957,-0.43137620913446983
mobley_4687447,-0.6053619116178096,0.7295361217995656,1.536874852881657,1.2548555160033121,8.0,-6.4,0.7694782383247957,-1.0212513790824087
mobley_9653690,-0.03892384406340277,0.4515064940762741,1.536874852881657,0.09298346407935455,8.0,-4.44,0.10793553819079023,0.23675524118203176
mobley_7415647,-0.9954264118917511,1.4584583704051592,-0.642557364597716,0.6590476294837116,5.0,-11.95,1.483894475203765,-0.49433023227830497
mobley_2310185,0.01898122345967317,0.4515064940762741,1.536874852881657,-1.1108400313792317,0.0,-5.0,0.10793553819079023,-1.294208748086649
mobley_194273,-1.369444455041609,1.2426698383480872,1.536874852881657,0.6590476294837116,8.0,-9.73,1.1868964296043982,-0.23384286060895232
mobley_5880265,-0.5923752470762957,0.7295361217995656,1.536874852881657,1.4401079617407135,8.0,-6.25,0.7694782383247957,-0.7594351271803824
mobley_6358463,-0.6702016973911098,-1.2630761375714548,-0.642557364597716,-1.1108400313792317,5.0,1.07,-1.2552693862452016,1.2062337745644394
mobley_2489709,0.6217748169217362,-1.2630761375714548,-0.642557364597716,-1.1108400313792317,5.0,-1.36,-1.2552693862452016,0.7157561614139627
mobley_2457863,-0.6056092120996511,0.7295361217995656,1.536874852881657,0.09298346407935455,5.0,-7.66,0.7694782383247957,-0.3531199287659075
mobley_9507933,-0.33196664821813104,0.14867518327137882,-0.642557364597716,-1.1108400313792317,5.0,-4.72,0.10793553819079023,-0.1533583568199469
mobley_4193752,0.0046996086453306414,1.1506393373992443,-0.642557364597716,0.09298346407935455,5.0,-4.12,1.1868964296043982,-0.29419281541805326
mobley_5311804,-0.4558589476035188,0.4515064940762741,1.536874852881657,0.09298346407935455,5.0,-6.62,0.10793553819079023,-0.5020484760539351
mobley_2958326,0.24286738487067047,0.1051713675237949,1.536874852881657,1.2548555160033121,8.0,-3.65,0.10793553819079023,-0.356341456602692
mobley_4338603,-1.5549110540568334,1.4047710009322996,1.6847862533744447,-1.1108400313792317,8.0,-15.83,0.7694782383247957,-1.4834735084977526
mobley_6175884,-0.4683085069601988,0.3335261840950065,-0.642557364597716,0.09298346407935455,5.0,-4.27,0.10793553819079023,-0.08014913672901368
mobley_2341732,-0.29665817189928767,0.6431173759639041,-0.642557364597716,1.00925637645273,3.0,-2.56,0.7694782383247957,-0.3874828923582778
mobley_430089,1.1181859345778902,-1.2630761375714548,-0.642557364597716,0.09298346407935455,8.0,0.01,-1.2552693862452016,-0.34043516290856735
mobley_4924862,-0.385712412109743,0.6431173759639041,-0.642557364597716,1.2548555160033121,3.0,-2.13,0.7694782383247957,-0.48419584262508625
mobley_7578802,1.0765489289964805,-1.2630761375714548,-0.642557364597716,-1.1108400313792317,4.0,-2.13,-1.2552693862452016,0.3542067768981419
mobley_2294995,-0.4364930350724612,0.6431173759639041,-0.642557364597716,0.6590476294837116,3.0,-2.56,0.7694782383247957,-1.1729316480643568
mobley_7688753,-0.9571923552826893,0.9162850768272925,1.536874852881657,0.09298346407935455,5.0,-9.52,0.7694782383247957,-0.4847327639312173
mobley_6917738,-0.3307546307345356,0.8706720620377958,1.536874852881657,0.6590476294837116,8.0,-6.55,0.7694782383247957,-1.5674345777439544
mobley_5052949,0.954867770555724,-1.2630761375714548,-0.642557364597716,1.2548555160033121,8.0,-1.28,0.10793553819079023,0.4111875505112727
mobley_2481002,0.7831597370287574,1.1506393373992443,-0.642557364597716,-1.1108400313792317,8.0,-1.45,1.1868964296043982,-0.2115740494371778
mobley_7608462,0.5919732938407452,-1.2630761375714548,-0.642557364597716,-1.1108400313792317,5.0,-1.12,-1.2552693862452016,0.2772256846316399
mobley_6733657,0.7536630735413146,-1.2630761375714548,-0.642557364597716,-1.1108400313792317,2.0,-3.44,-1.2552693862452016,2.520751362299145
mobley_8983100,1.0566614294736585,-1.2630761375714548,-0.642557364597716,-1.1108400313792317,4.0,-0.82,-1.2552693862452016,-0.6146677200148681
mobley_9883303,2.1069645625544156,-1.2630761375714548,-0.642557364597716,1.00925637645273,4.0,2.71,-1.2552693862452016,0.6078349788816746
mobley_4893032,0.04509087145723745,0.5685235764224948,-0.642557364597716,0.6590476294837116,7.0,-3.52,0.10793553819079023,-0.15219055297911238
mobley_6190089,0.2687090163232253,-1.2630761375714548,-0.642557364597716,0.09298346407935455,4.0,-2.37,-1.2552693862452016,0.4475639690016336
mobley_1803862,2.1060130141857125,-1.2630761375714548,-0.642557364597716,0.09298346407935455,4.0,2.38,-1.2552693862452016,0.08420247507762108
mobley_9434451,1.4313450477473468,-1.2630761375714548,-0.642557364597716,-1.1108400313792317,4.0,-0.48,-1.2552693862452016,-0.09210905882307698
mobley_4305650,0.017346094332866914,0.5685235764224948,-0.642557364597716,-1.1108400313792317,7.0,-3.84,0.10793553819079023,-0.6758230567831651
mobley_3378420,0.056890498880647566,0.4515064940762741,1.536874852881657,1.7066643047050067,0.0,-3.88,0.10793553819079023,0.5385050152275367
mobley_5286200,0.9081002513099957,-1.2630761375714548,-0.642557364597716,1.00925637645273,4.0,-2.32,-1.2552693862452016,0.21292935822247805
mobley_4371692,-1.71208432745921,1.592853660129071,1.6847862533744447,-1.1108400313792317,5.0,-9.53,1.483894475203765,-0.1188880089663503
mobley_9794857,0.6202862267601723,-0.054705421602073444,-0.642557364597716,-1.1108400313792317,8.0,-2.21,0.10793553819079023,-0.3326498039696708
mobley_8764620,-0.796632854363089,0.9027019127182282,-0.642557364597716,-1.1108400313792317,5.0,-6.75,0.7694782383247957,-0.653473707415471
mobley_3686115,-0.04033251308804013,0.38732032910098085,-0.642557364597716,1.2548555160033121,8.0,-3.28,0.7694782383247957,-0.3500326312556552
mobley_7608435,-0.2958049273668765,0.6431173759639041,-0.642557364597716,1.586687728158307,3.0,-2.04,0.7694782383247957,0.3979658633478018
mobley_63712,0.3685699453048681,-0.5773529194429764,-0.642557364597716,-1.1108400313792317,8.0,-3.88,0.10793553819079023,-0.5535929214424908
mobley_3187514,-0.44775148165488715,0.635077180338356,1.536874852881657,-1.1108400313792317,5.0,-5.53,0.10793553819079023,-0.23471535773141475
mobley_9534740,-1.6747535362017096,1.9048530099572047,1.7253570982712212,0.09298346407935455,8.0,-25.47,1.891512552730193,-3.455317005263077
mobley_2008055,2.1072022365630283,-1.2630761375714548,-0.642557364597716,-1.1108400313792317,4.0,1.83,-1.2552693862452016,-0.6045333303616495
mobley_9246215,1.2043121052308272,-1.2630761375714548,-0.642557364597716,0.6590476294837116,8.0,0.93,-1.2552693862452016,-0.11976050608881274
mobley_6081058,-0.2829632287821465,0.3335261840950065,-0.642557364597716,1.4401079617407135,8.0,-3.43,0.10793553819079023,0.2650107249171649
mobley_1189457,0.2729892699940333,-1.2630761375714548,-0.642557364597716,0.09298346407935455,5.0,-2.73,0.10793553819079023,0.32319957146908895
mobley_172879,-0.3016122039904293,0.38732032910098085,-0.642557364597716,-1.1108400313792317,5.0,-3.15,0.7694782383247957,1.1125410066446173
mobley_9838013,0.19798488592650582,0.4515064940762741,1.536874852881657,0.09298346407935455,0.0,-4.43,0.10793553819079023,-0.5098338349928315
mobley_2751110,-0.7154801034957238,1.4573953266510684,1.536874852881657,0.09298346407935455,5.0,-10.64,1.483894475203765,-0.49177985607418384
mobley_6973347,-0.37419520883647645,0.6431173759639041,-0.642557364597716,0.09298346407935455,3.0,-2.94,0.7694782383247957,-0.9111153961623305
mobley_3264884,-0.7090123027612021,0.635077180338356,1.536874852881657,-1.1108400313792317,5.0,-7.47,0.10793553819079023,0.3322601185100458
mobley_7295828,0.07046407156042478,-0.054705421602073444,-0.642557364597716,0.09298346407935455,5.0,-2.45,0.10793553819079023,-0.15553288810977653
mobley_7573149,-0.34339274030761846,0.6431173759639041,-0.642557364597716,0.6590476294837116,3.0,-2.79,0.7694782383247957,-0.6492991442603041
mobley_632905,-0.741352716314623,0.6431173759639041,-0.642557364597716,0.6590476294837116,5.0,-4.4,0.7694782383247957,-0.0195575673321541
mobley_7009711,-0.3114125468436182,0.4515064940762741,1.536874852881657,-1.1108400313792317,5.0,-6.27,0.10793553819079023,0.05510134028533207
mobley_8809274,-0.08847666602337886,-1.2630761375714548,-0.642557364597716,-1.1108400313792317,5.0,-0.25,-1.2552693862452016,0.5224644912068789
mobley_2725802,-0.6226290516996532,0.4543041238601868,-0.642557364597716,-1.1108400313792317,8.0,-9.8,0.10793553819079023,-0.8713161043453856
mobley_4780078,-0.2725977810652358,0.4515064940762741,1.536874852881657,-1.1108400313792317,5.0,-6.01,0.10793553819079023,0.05510134028533237
mobley_8048190,-0.9484287909246282,1.0352563710202471,1.536874852881657,-1.1108400313792317,7.0,-9.71,0.10793553819079023,-1.634482625847037
mobley_8118832,-0.14275243485673242,0.4515064940762741,1.536874852881657,0.09298346407935455,8.0,-5.03,0.10793553819079023,-1.1827304619012438
mobley_4850657,-1.819611185150183,0.8450997755285157,-0.642557364597716,-1.1108400313792317,8.0,-4.87,0.7694782383247957,-1.1692403140847076
mobley_6911232,0.5725409825267354,-0.054705421602073444,-0.642557364597716,0.09298346407935455,8.0,-2.1,0.10793553819079023,-0.855208465161462
mobley_6854178,-0.3626677252590853,0.6431173759639041,-0.642557364597716,0.6590476294837116,3.0,-2.02,0.7694782383247957,-0.912189238774592
mobley_2837389,-0.11375425867795608,0.2809524052442961,1.536874852881657,-1.1108400313792317,8.0,-4.78,-1.2552693862452016,-0.6122515741372797
mobley_5471704,-0.2973398651197568,0.6431173759639041,-0.642557364597716,1.00925637645273,3.0,-2.21,0.7694782383247957,-0.22237959072305996
mobley_8966374,-0.8596616489547593,0.6281319404509236,-0.642557364597716,-1.1108400313792317,5.0,-5.51,0.7694782383247957,-0.7664016811274295
mobley_1662128,1.5805553410907283,-1.2630761375714548,-0.642557364597716,0.09298346407935455,2.0,1.38,-1.2552693862452016,-0.2312387922742179
mobley_4630641,-0.1510207507404424,0.38732032910098085,-0.642557364597716,1.00925637645273,8.0,-4.84,0.7694782383247957,-1.1058835999612746
mobley_1792062,0.8091566819384881,-1.2630761375714548,-0.642557364597716,0.09298346407935455,4.0,-2.33,-1.2552693862452016,-0.1011696058640341
mobley_2143011,1.6384314944686862,-1.2630761375714548,-0.642557364597716,0.09298346407935455,2.0,1.83,-1.2552693862452016,-0.06613549063900005
mobley_8522124,1.1281501582455222,-1.2630761375714548,-0.642557364597716,1.2548555160033121,8.0,0.71,-1.2552693862452016,0.4450135927975123
mobley_2492140,0.40788367774513495,-1.2630761375714548,-0.642557364597716,-1.1108400313792317,4.0,-1.23,-1.2552693862452016,0.8277713689054987
mobley_3169935,-0.46469256821724997,0.635077180338356,1.536874852881657,-1.1108400313792317,5.0,-4.91,0.10793553819079023,-0.0031814674951650287
mobley_1592519,-0.26216270108555656,0.6431173759639041,-0.642557364597716,1.4401079617407135,3.0,-2.23,0.7694782383247957,0.13614961144577523
mobley_9913368,0.9006352141906453,-1.2630761375714548,-0.642557364597716,-1.1108400313792317,2.0,-0.78,-1.2552693862452016,0.005543503729460388
mobley_2859600,0.43079521469416027,-1.2630761375714548,-0.642557364597716,0.09298346407935455,5.0,-1.24,-1.2552693862452016,0.2702457076519398
mobley_5759258,0.0596022473413187,0.4515064940762741,1.536874852881657,1.00925637645273,0.0,-4.57,0.10793553819079023,-0.5087599923805699
mobley_1674094,1.1264698065164649,-1.2630761375714548,-0.642557364597716,0.6590476294837116,8.0,0.29,-1.2552693862452016,-0.07861891100654088
mobley_3034976,-0.9828380545902593,0.9162850768272925,1.536874852881657,-1.1108400313792317,3.0,-6.69,0.10793553819079023,-1.2322614523918092
mobley_3761215,0.8486452756939821,-1.2630761375714548,-0.642557364597716,-1.1108400313792317,4.0,-0.19,-1.2552693862452016,0.3017227192238579
mobley_4291494,-0.5567025236589761,0.14867518327137882,-0.642557364597716,-1.1108400313792317,5.0,-4.39,0.10793553819079023,-0.1288210531297697
mobley_9979854,-0.6091821663908795,0.4515064940762741,1.536874852881657,-1.1108400313792317,8.0,-4.2,0.10793553819079023,-0.6694336932402087
mobley_8899867,0.07981100361262157,0.4515064940762741,1.536874852881657,-1.1108400313792317,6.0,-5.49,0.10793553819079023,-0.6749371366280493
mobley_1107178,0.5592058289564349,-1.2630761375714548,-0.642557364597716,-1.1108400313792317,4.0,-0.74,-1.2552693862452016,-0.32593828764303595
mobley_8337722,0.22670830187977353,0.4515064940762741,1.536874852881657,0.09298346407935455,0.0,-3.2,0.10793553819079023,0.34400527208165743
mobley_2484519,0.4225975329343317,-1.2630761375714548,-0.642557364597716,0.09298346407935455,5.0,-1.93,-1.2552693862452016,0.3345420340611023
mobley_2523689,-1.5156207543433138,1.3358185435333387,1.536874852881657,0.09298346407935455,5.0,-16.43,1.483894475203765,-0.30795142388765484
mobley_2613240,-0.30344081176869003,0.38732032910098085,-0.642557364597716,0.6590476294837116,5.0,-5.33,0.7694782383247957,-0.1497609840688706
mobley_3006808,-0.7762327096554298,0.4515064940762741,1.536874852881657,-1.1108400313792317,8.0,-4.31,0.10793553819079023,-0.9301761025299734
mobley_3144334,-0.27677968912124706,0.4515064940762741,1.536874852881657,-1.1108400313792317,5.0,-5.91,0.10793553819079023,0.05510134028533207
mobley_8614858,2.114601161460655,-1.2630761375714548,-0.642557364597716,1.2548555160033121,4.0,2.67,-1.2552693862452016,0.7045479291484836
mobley_4683624,-0.3153558278115434,0.4515064940762741,1.536874852881657,0.6590476294837116,5.0,-5.21,0.10793553819079023,0.280380097305159
mobley_9015240,1.3811975191440782,-1.2630761375714548,-0.642557364597716,1.586687728158307,4.0,0.52,-1.2552693862452016,1.2180460432993185
mobley_1728386,-1.1230362483578042,1.0352563710202471,1.536874852881657,0.09298346407935455,5.0,-11.0,0.10793553819079023,-0.7660795283437508
mobley_4218209,-0.731637015663649,0.8706720620377958,1.536874852881657,0.09298346407935455,5.0,-7.48,0.7694782383247957,-0.43594004023658145
mobley_1770205,-1.8489857942735695,1.4119828311371956,-0.642557364597716,1.4401079617407135,5.0,-10.03,2.1671633186071757,0.04869855370972263
mobley_2864987,0.13999459083505095,0.4515064940762741,1.536874852881657,0.6590476294837116,0.0,-4.39,0.10793553819079023,-0.5098338349928315
mobley_3738859,1.3602250615140548,-1.2630761375714548,-0.642557364597716,1.00925637645273,4.0,-0.1,-1.2552693862452016,0.4325972875932381
mobley_2279874,-0.47935434337075866,0.6820741257515789,-0.642557364597716,1.00925637645273,8.0,-4.42,1.1868964296043982,-1.1528642142477186
mobley_4883284,-0.5121338359452366,0.635077180338356,1.536874852881657,-1.1108400313792317,5.0,-5.49,0.10793553819079023,-0.4417119442774877
mobley_8124669,-0.9123368026670697,0.7316282327708147,-0.642557364597716,1.586687728158307,5.0,-8.21,0.7694782383247957,0.7115279061281837
mobley_9741965,-0.23527728181564875,1.9659530433065084,-0.642557364597716,1.586687728158307,8.0,-4.29,2.1671633186071757,-1.1433338610638972
mobley_3682850,-0.09038571003818026,0.3335261840950065,-0.642557364597716,-1.1108400313792317,1.0,-4.91,0.10793553819079023,-0.2733871148054849
mobley_6006813,0.5204195336551756,1.1506393373992443,-0.642557364597716,1.00925637645273,7.0,-3.09,1.1868964296043982,-0.5656736508304335
mobley_7157427,1.4677669764193522,-1.2630761375714548,-0.642557364597716,1.4401079617407135,4.0,0.29,-1.2552693862452016,0.8514630215385207
mobley_5690766,1.2822446138255157,-1.2630761375714548,-0.642557364597716,1.00925637645273,8.0,1.01,-1.2552693862452016,0.14205574581321387
mobley_20524,-0.4028538958979133,0.4515064940762741,1.536874852881657,-1.1108400313792317,5.0,-6.6,0.10793553819079023,-0.3588918328068134
mobley_8578590,-1.0316602366580652,0.3335261840950065,-0.642557364597716,-1.1108400313792317,8.0,-9.28,0.10793553819079023,-1.2968262394540364
mobley_4620651,-0.3359908725354257,0.6431173759639041,-0.642557364597716,0.09298346407935455,8.0,-4.1,0.7694782383247957,-0.9111153961623305
mobley_5520946,0.04613453339628473,-1.2630761375714548,1.536874852881657,-1.1108400313792317,5.0,-2.55,0.10793553819079023,0.03245668419926654
mobley_4609460,-1.0700030968982033,1.1000851611443008,1.536874852881657,0.6590476294837116,5.0,-9.2,1.1868964296043982,-0.24029933931517533
mobley_8057732,-0.31200360043257463,0.4515064940762741,1.536874852881657,-1.1108400313792317,5.0,-6.62,0.10793553819079023,0.07963864397550927
mobley_1352110,-0.4007431189284074,0.4543041238601868,-0.642557364597716,1.586687728158307,8.0,-3.64,0.7694782383247957,0.9695857088872951
mobley_6115639,-3.2928425875177716,1.0672191443483867,-0.642557364597716,1.00925637645273,8.0,-8.7,1.483894475203765,-0.5994996931166733
mobley_590519,0.27817662839867036,-1.2630761375714548,-0.642557364597716,1.00925637645273,8.0,-1.64,0.7694782383247957,0.322595534999692
mobley_1417007,-1.065120349939906,0.9180248040835947,-0.642557364597716,0.09298346407935455,8.0,-9.01,1.1868964296043982,0.6621311459641511
mobley_2972345,0.09009645845712004,-1.2630761375714548,-0.642557364597716,-1.1108400313792317,5.0,-3.78,-1.2552693862452016,0.8420668986812317
mobley_1800170,0.47408470429482696,-1.2630761375714548,1.536874852881657,-1.1108400313792317,8.0,-1.14,0.10793553819079023,-0.6650040924646297
mobley_3968739,-0.5817578473414244,0.6431173759639041,-0.642557364597716,0.09298346407935455,5.0,-3.92,0.7694782383247957,-0.3045285505610707
mobley_778352,1.5977748901687678,-1.2630761375714548,-0.642557364597716,-1.1108400313792317,2.0,1.31,-1.2552693862452016,0.030577459627808386
mobley_9705941,0.47359880568456025,-1.2630761375714548,-0.642557364597716,-1.1108400313792317,8.0,-1.38,0.10793553819079023,0.08696761980419457
mobley_1178614,-0.22261832001315907,0.4515064940762741,1.536874852881657,-1.1108400313792317,5.0,-4.55,0.10793553819079023,0.07963864397550927
mobley_9510785,0.5191896350596135,-1.2630761375714548,-0.642557364597716,0.09298346407935455,5.0,-3.48,-1.2552693862452016,2.711626886628641
mobley_8809190,0.7044140796775077,-1.2630761375714548,-0.642557364597716,1.00925637645273,5.0,-0.4,-1.2552693862452016,0.7397833898633163
mobley_667278,0.6870580418213609,-1.2630761375714548,-0.642557364597716,0.09298346407935455,5.0,-4.4,-1.2552693862452016,4.027218316975608
mobley_2371092,-0.37068331832194273,0.14867518327137882,-0.642557364597716,-1.1108400313792317,5.0,-5.22,0.10793553819079023,-0.1533583568199469
mobley_7983227,0.12698501700537226,0.4515064940762741,1.536874852881657,0.6590476294837116,0.0,-4.42,0.10793553819079023,-0.6054729426473785
mobley_8426916,0.12329786522932185,0.1051713675237949,1.536874852881657,0.6590476294837116,8.0,-4.07,0.10793553819079023,-0.8799739604067447
mobley_9028462,-0.8506685807283776,0.6431173759639041,-0.642557364597716,-1.1108400313792317,8.0,-1.1,0.7694782383247957,-0.8088990025076815
mobley_8754702,-0.4223776539156189,0.6431173759639041,-0.642557364597716,1.00925637645273,3.0,-2.48,0.7694782383247957,-0.9111153961623305
mobley_852937,-0.3009767330642371,0.4515064940762741,1.536874852881657,-1.1108400313792317,5.0,-6.19,0.10793553819079023,-0.26553464070332206
mobley_2422586,0.5954721802940259,-0.054705421602073444,-0.642557364597716,0.6590476294837116,8.0,-1.66,0.10793553819079023,-0.5933922132594357
mobley_4983965,0.8560044890217419,-1.2630761375714548,-0.642557364597716,0.6590476294837116,8.0,-1.46,0.10793553819079023,-0.11244495329278063
mobley_1079207,0.6871826067363687,-1.2630761375714548,-0.642557364597716,-1.1108400313792317,5.0,-0.98,-1.2552693862452016,0.7157561614139627
mobley_1019269,0.05028423632375348,0.4515064940762741,1.536874852881657,0.6590476294837116,0.0,-4.72,0.10793553819079023,-0.7705762442825963
mobley_8789465,-0.245911398045643,0.4515064940762741,1.536874852881657,-1.1108400313792317,5.0,-6.2,0.10793553819079023,0.04688644430153112
mobley_8117218,0.08945864971825807,0.1307361919374655,-0.642557364597716,-1.1108400313792317,8.0,-4.82,0.10793553819079023,1.7144297908172326
mobley_3775790,0.23270389106022915,-0.3887271244565241,-0.642557364597716,-1.1108400313792317,8.0,-2.89,0.10793553819079023,-0.6052715971575794
mobley_2049967,0.8591220377218789,-1.2630761375714548,-0.642557364597716,0.09298346407935455,8.0,-1.5,0.10793553819079023,-0.3742612051948071
mobley_4613090,-0.9852856089227328,0.36295027405071173,-0.642557364597716,0.6590476294837116,5.0,-7.63,0.7694782383247957,0.002993127525339119
mobley_3777264,-0.7500859729007526,1.5319419732313306,1.536874852881657,0.09298346407935455,5.0,-8.84,1.483894475203765,-0.574599967544858
mobley_4715906,2.0910939593330276,-1.2630761375714548,-0.642557364597716,-1.1108400313792317,6.0,1.58,-1.2552693862452016,0.6078349788816746
mobley_3746675,0.5382506932069587,-1.2630761375714548,-0.642557364597716,0.09298346407935455,5.0,-1.24,-1.2552693862452016,0.5320619595539664
mobley_8861672,-0.3766497663982081,0.14867518327137882,-0.642557364597716,-1.1108400313792317,5.0,-4.86,0.10793553819079023,-0.1533583568199469
mobley_8221999,0.036074401048833464,0.5685235764224948,-0.642557364597716,0.09298346407935455,7.0,-3.64,0.10793553819079023,-0.41400680488113883
mobley_7150646,0.556212099654246,-1.2630761375714548,-0.642557364597716,-1.1108400313792317,5.0,-2.3,-1.2552693862452016,0.8622014476611359
mobley_6896128,2.1109140235107997,-1.2630761375714548,-0.642557364597716,1.2548555160033121,4.0,2.97,-1.2552693862452016,0.8696512307837018
mobley_1976156,-0.11699331348552196,0.3335261840950065,-0.642557364597716,1.7066643047050067,1.0,-2.07,0.10793553819079023,0.6771649425358127
mobley_2123854,-0.8420083287344832,1.0531740510898886,1.536874852881657,-1.1108400313792317,5.0,-10.17,0.7694782383247957,-0.4450140103101922
mobley_349850,-0.46652316815626055,0.3335261840950065,-0.642557364597716,0.09298346407935455,5.0,-4.7,0.10793553819079023,0.18166711517301248
mobley_6338073,-1.860803032727768,1.3624004475234777,1.6847862533744447,1.2548555160033121,5.0,-6.68,1.891512552730193,0.207224569344838
mobley_4936555,-1.2546908539997694,1.1501155817903201,1.6847862533744447,1.00925637645273,5.0,-6.78,0.7694782383247957,1.2203548049156798
mobley_3572203,-0.17761895422211188,0.6431173759639041,-0.642557364597716,1.4401079617407135,3.0,-2.11,0.7694782383247957,0.13614961144577523
mobley_397645,-0.5577775161690744,0.6431173759639041,-0.642557364597716,0.6590476294837116,5.0,-3.64,0.7694782383247957,-0.04271229865904439
mobley_1571523,-0.28628890432735854,0.4515064940762741,1.536874852881657,-1.1108400313792317,5.0,-6.16,0.10793553819079023,0.05510134028533237
mobley_6619554,-0.2531753050830905,0.6431173759639041,-0.642557364597716,1.2548555160033121,3.0,-2.49,0.7694782383247957,-0.12566664045625137
mobley_1849020,-1.6643542432172227,0.38732032910098085,-0.642557364597716,1.8073796313645762,5.0,-6.5,1.710499806213434,2.3445740587249824
mobley_5510474,0.2772488707443201,0.38732032910098085,-0.642557364597716,-1.1108400313792317,5.0,-3.81,0.7694782383247957,2.8666629137739066
mobley_8746821,-0.34877576434622237,0.14867518327137882,-0.642557364597716,-1.1108400313792317,5.0,-4.82,0.10793553819079023,-0.1533583568199469
mobley_8006582,2.0513947092350264,-1.2630761375714548,-0.642557364597716,-1.1108400313792317,6.0,1.2,-1.2552693862452016,0.015812123709211656
mobley_4219614,0.9285176739627933,-1.2630761375714548,-0.642557364597716,-1.1108400313792317,5.0,-1.34,-1.2552693862452016,1.592817114978608
mobley_5056289,0.5092433815691015,-0.054705421602073444,-0.642557364597716,-1.1108400313792317,8.0,-3.3,0.10793553819079023,-0.49775310560488867
mobley_303222,1.5125801618033403,-1.2630761375714548,-0.642557364597716,-1.1108400313792317,2.0,1.32,-1.2552693862452016,-0.49305504417624435
mobley_486214,-0.7723545112135402,0.946105092582383,1.536874852881657,0.6590476294837116,5.0,-6.96,1.1868964296043982,-0.34734802472500137
mobley_4639255,-0.8896254829911656,0.9828820152860834,1.6847862533744447,0.09298346407935455,8.0,-9.3,0.7694782383247957,-1.9838841658116484
mobley_6739648,-0.019977969839903402,0.38732032910098085,-0.642557364597716,-1.1108400313792317,8.0,-5.06,0.7694782383247957,-1.2709869015964923
mobley_6416775,2.075963421700631,-1.2630761375714548,-0.642557364597716,0.6590476294837116,6.0,2.13,-1.2552693862452016,0.7045479291484836
mobley_1893815,0.4941427464533389,-1.2630761375714548,-0.642557364597716,-1.1108400313792317,4.0,-1.43,-1.2552693862452016,0.44863781161389504
mobley_4884177,-0.36462657622160494,0.14867518327137882,-0.642557364597716,0.09298346407935455,5.0,-4.59,0.10793553819079023,-0.18989585170214718
mobley_9246351,0.8511133847187629,-1.2630761375714548,-0.642557364597716,-1.1108400313792317,4.0,-1.96,-1.2552693862452016,-0.1296935502522323
mobley_1717215,-0.4843394656184028,0.6431173759639041,-0.642557364597716,0.09298346407935455,3.0,-2.78,0.7694782383247957,-1.4347478999663834
mobley_7455579,-0.39238187059781726,0.6431173759639041,-0.642557364597716,1.00925637645273,3.0,-2.22,0.7694782383247957,-0.7460120945271127
mobley_2261979,0.16744025950290758,-1.2630761375714548,-0.642557364597716,-1.1108400313792317,5.0,-3.15,-1.2552693862452016,0.6788428216174718
mobley_627267,1.5595989435619124,-1.2630761375714548,-0.642557364597716,0.09298346407935455,4.0,-0.03,-1.2552693862452016,0.07406808542440249
mobley_7015518,0.5232863282149822,-0.054705421602073444,-0.642557364597716,-1.1108400313792317,8.0,-1.91,0.10793553819079023,-1.1170247170634884
mobley_7099614,0.9891179569958892,-1.2630761375714548,-0.642557364597716,0.09298346407935455,2.0,-0.57,-1.2552693862452016,-0.34613995178620693
mobley_3980099,0.7350830975039907,-1.2630761375714548,-0.642557364597716,-1.1108400313792317,5.0,-1.24,-1.2552693862452016,1.1542866381962855
mobley_1905088,0.37418190081992836,-1.2630761375714548,-0.642557364597716,0.09298346407935455,5.0,-2.38,-1.2552693862452016,0.4393088039198728
mobley_7869158,0.37221028269039597,1.3010047481533227,-0.642557364597716,1.00925637645273,8.0,-1.82,1.483894475203765,-0.6126542651168777
mobley_1899443,1.6372955039206074,-1.2630761375714548,-0.642557364597716,0.6590476294837116,2.0,1.47,-1.2552693862452016,0.2923937115298351
mobley_7610437,0.30520144892050793,0.4515064940762741,1.536874852881657,0.6590476294837116,0.0,-3.88,0.10793553819079023,-0.3447305333576136
mobley_5692472,-0.17796633280382204,0.1051713675237949,1.536874852881657,-1.1108400313792317,8.0,-4.29,0.10793553819079023,-1.4036064642107975
mobley_6812653,2.11244760675566,-1.2630761375714548,-0.642557364597716,1.00925637645273,4.0,2.48,-1.2552693862452016,0.4427316772464564
mobley_6978427,-0.2046891411246551,0.6431173759639041,-0.642557364597716,0.09298346407935455,8.0,-3.3,0.7694782383247957,-0.12566664045625137
mobley_3867265,-0.23377850052703733,0.3335261840950065,-0.642557364597716,-1.1108400313792317,1.0,-3.8,0.10793553819079023,-0.8937325688763462
mobley_5857,-0.5649218694247199,0.14867518327137882,-0.642557364597716,-1.1108400313792317,5.0,-5.72,0.10793553819079023,0.20662053287544108
mobley_7326982,0.06359824233042892,0.4515064940762741,1.536874852881657,-1.1108400313792317,0.0,-4.74,0.10793553819079023,-1.033466338796884
mobley_2269032,-1.2703468843105548,1.1000851611443008,1.536874852881657,1.00925637645273,5.0,-10.21,0.7694782383247957,0.7446827967817595
mobley_8739734,-0.09673902409416159,0.3335261840950065,-0.642557364597716,0.09298346407935455,1.0,-3.24,0.10793553819079023,-0.4668130153391019
mobley_3234716,0.6972205735827738,-1.2630761375714548,-0.642557364597716,-1.1108400313792317,5.0,-0.8,-1.2552693862452016,0.252688380941463
mobley_3060426,2.0842706623806,-1.2630761375714548,-0.642557364597716,0.6590476294837116,4.0,2.93,-1.2552693862452016,1.0347545324189198
mobley_3414356,0.21511302323774845,0.4515064940762741,1.536874852881657,0.6590476294837116,0.0,-3.92,0.10793553819079023,-0.24801758309080518
mobley_6474572,0.9615924524881238,-1.2630761375714548,-0.642557364597716,-1.1108400313792317,2.0,-0.59,-1.2552693862452016,-0.37466389617440515
mobley_5006685,-0.23561042227642626,0.3335261840950065,-0.642557364597716,0.6590476294837116,8.0,-4.09,0.10793553819079023,0.3764890111025702
mobley_197466,-0.1844514120645118,0.3335261840950065,-0.642557364597716,0.09298346407935455,8.0,-4.61,0.10793553819079023,-0.6319163169743197
mobley_4287564,-0.41413577852329186,0.14867518327137882,-0.642557364597716,-1.1108400313792317,5.0,-4.63,0.10793553819079023,-0.3603549433660196
mobley_4013838,0.023090300299820402,0.3335261840950065,-0.642557364597716,0.6590476294837116,1.0,-2.74,0.10793553819079023,-0.03989346180185776
mobley_3452749,0.7501131930199575,-1.2630761375714548,-0.642557364597716,-1.1108400313792317,5.0,-1.21,-1.2552693862452016,0.4596849674875363
mobley_3269819,0.7381486490913115,-1.2630761375714548,-0.642557364597716,0.09298346407935455,5.0,-3.17,-1.2552693862452016,4.027218316975608
mobley_2789243,-0.3503297850457852,0.14867518327137882,-0.642557364597716,-1.1108400313792317,5.0,-4.01,0.10793553819079023,-0.1288210531297697
mobley_664966,0.015955541642474404,-1.2630761375714548,-0.642557364597716,-1.1108400313792317,4.0,-2.49,-1.2552693862452016,-0.07586718931262058
mobley_628086,-0.612092338745184,0.4515064940762741,1.536874852881657,-1.1108400313792317,8.0,-4.16,0.10793553819079023,-0.6694336932402087
mobley_2517158,1.3729673010001204,-1.2630761375714548,-0.642557364597716,1.4401079617407135,4.0,0.34,-1.2552693862452016,0.9562297913972913
mobley_2784376,1.8494319163496604,-1.2630761375714548,-0.642557364597716,-1.1108400313792317,6.0,0.75,-1.2552693862452016,-0.5078203800948411
mobley_2213823,2.1070547552466548,-1.2630761375714548,-0.642557364597716,0.6590476294837116,4.0,2.51,-1.2552693862452016,0.346018726979648
mobley_3690931,-0.2100398423510565,0.6431173759639041,-0.642557364597716,1.2548555160033121,3.0,-2.28,0.7694782383247957,-0.12566664045625137
mobley_5063386,-0.7638851884565325,1.4573953266510684,1.536874852881657,0.09298346407935455,5.0,-4.58,1.483894475203765,-0.49177985607418384
mobley_1396156,1.0435703240975964,1.1506393373992443,-0.642557364597716,0.09298346407935455,5.0,-5.22,1.1868964296043982,1.8984595684935592
mobley_7732703,-0.30349602178966134,-1.2630761375714548,-0.642557364597716,-1.1108400313792317,4.0,1.79,-1.2552693862452016,-0.01734276694436454
mobley_4678740,-0.6997884858601795,-1.2630761375714548,-0.642557364597716,-1.1108400313792317,5.0,1.07,-1.2552693862452016,1.2062337745644394
mobley_9571888,-1.143000511745816,0.8770228637169856,-0.642557364597716,-1.1108400313792317,8.0,-4.23,1.1868964296043982,1.1831461584008156
mobley_902954,0.32272201579358395,1.3010047481533227,-0.642557364597716,1.2548555160033121,8.0,-2.09,1.483894475203765,-0.6115804225046161
mobley_1160109,-0.06956474721337084,0.3335261840950065,-0.642557364597716,0.09298346407935455,8.0,-3.75,0.10793553819079023,0.430114026552383
mobley_5747981,-0.7826632273153092,0.9079811376117005,-0.642557364597716,1.4401079617407135,8.0,-5.73,1.483894475203765,-1.1417230971455048
mobley_1231151,1.5805651515806236,-1.2630761375714548,-0.642557364597716,-1.1108400313792317,4.0,-0.25,-1.2552693862452016,-0.19687582868184741
mobley_1235151,0.5352254833652317,1.1506393373992443,-0.642557364597716,1.2548555160033121,7.0,-2.82,1.1868964296043982,-0.3038573989284073
mobley_5393242,-3.0632345250312714,1.220126165310589,-0.642557364597716,1.7066643047050067,5.0,-6.48,1.891512552730193,1.1126215448405374
mobley_2681549,0.8561136966182255,-1.2630761375714548,-0.642557364597716,-1.1108400313792317,5.0,-0.78,-1.2552693862452016,1.1542866381962855
mobley_5561855,0.5066606908661219,-1.2630761375714548,-0.642557364597716,0.09298346407935455,5.0,-1.96,-1.2552693862452016,3.1501573634109636
mobley_3040612,0.7359717594313289,-1.2630761375714548,-0.642557364597716,0.09298346407935455,5.0,-0.85,-1.2552693862452016,0.4231474726053357
mobley_8798016,-1.0030407706850508,0.7425398807626523,-0.642557364597716,0.09298346407935455,5.0,-7.0,0.7694782383247957,-0.6931924610364962
mobley_5732611,-0.9098663338929425,0.7089023512075409,1.536874852881657,-1.1108400313792317,8.0,-10.27,0.10793553819079023,-0.8113017253526168
mobley_5948990,-0.7806364729141769,1.5319419732313306,1.536874852881657,0.09298346407935455,5.0,-7.37,1.483894475203765,-0.5745999675448582
mobley_9478823,0.68472489854513,-1.2630761375714548,-0.642557364597716,-1.1108400313792317,5.0,-0.9,-1.2552693862452016,0.252688380941463
mobley_3525176,0.7127334387699485,-1.2630761375714548,-0.642557364597716,1.2548555160033121,5.0,-0.23,-1.2552693862452016,1.0015996417653434
mobley_6309289,0.08293462013992492,0.1051713675237949,1.536874852881657,-1.1108400313792317,8.0,-5.11,0.10793553819079023,-0.7832610101399362
mobley_5003962,-1.4381145715358568,1.324680869617784,1.536874852881657,-1.1108400313792317,5.0,-11.53,1.1868964296043982,0.0786990316897802
mobley_7860938,0.26445534530564774,0.1051713675237949,1.536874852881657,1.586687728158307,8.0,-3.24,0.10793553819079023,0.1672910472013606
mobley_1139153,2.0458097141387244,-1.2630761375714548,-0.642557364597716,0.09298346407935455,4.0,2.89,-1.2552693862452016,0.7729382805168927
mobley_6102880,-0.10429152185000574,-0.054705421602073444,-0.642557364597716,0.6590476294837116,5.0,-2.87,0.10793553819079023,1.0416002790720864
mobley_929676,1.3440399289830005,-1.2630761375714548,-0.642557364597716,1.2548555160033121,4.0,0.18,-1.2552693862452016,0.6944135394952647
mobley_4762983,1.6193368934405359,-1.2630761375714548,-0.642557364597716,1.2548555160033121,2.0,1.66,-1.2552693862452016,0.5542099634318617
mobley_3083321,-0.02863020915995888,0.38732032910098085,-0.642557364597716,0.6590476294837116,8.0,-2.93,0.7694782383247957,-1.1344075443494728
mobley_9624458,1.0017174139075102,-1.2630761375714548,-0.642557364597716,0.6590476294837116,4.0,-1.89,-1.2552693862452016,-0.04888689367954839
mobley_2725215,-1.9013331314059319,2.122180165328883,-0.642557364597716,1.8073796313645762,5.0,-7.98,2.275951974090694,0.2641382277947026
mobley_3047364,-2.0053061235636163,1.3624004475234777,1.6847862533744447,1.4401079617407135,5.0,-7.65,1.891512552730193,-0.0545916825571883
mobley_2850833,-0.9529245944990179,0.9162850768272925,1.536874852881657,0.09298346407935455,5.0,-4.68,0.7694782383247957,-0.4847327639312173
mobley_2607611,-0.2434604386097444,0.6431173759639041,-0.642557364597716,1.4401079617407135,3.0,-2.26,0.7694782383247957,0.13614961144577523
mobley_4035953,-0.3199709863685171,0.4515064940762741,1.536874852881657,-1.1108400313792317,5.0,-5.9,0.10793553819079023,-0.15189524626074044
mobley_468867,0.8424063045666436,-1.2630761375714548,-0.642557364597716,-1.1108400313792317,8.0,-2.55,-1.2552693862452016,2.2245721468047486
mobley_3370989,0.6024983846425217,-1.2630761375714548,-0.642557364597716,-1.1108400313792317,4.0,-0.11,-1.2552693862452016,-0.4399669500325624
mobley_1755375,-0.23890711570821113,0.4515064940762741,1.536874852881657,-1.1108400313792317,5.0,-5.26,0.10793553819079023,0.05510134028533207
mobley_7378987,-1.6971149708731341,1.3491871130084152,-0.642557364597716,-1.1108400313792317,8.0,-12.64,1.891512552730193,-1.9840855113014475
mobley_5616693,0.037845887451045265,0.3335261840950065,-0.642557364597716,0.09298346407935455,8.0,-2.53,0.10793553819079023,0.48373904200219586
mobley_5346580,-0.08807767233474559,0.3335261840950065,-0.642557364597716,-1.1108400313792317,1.0,-3.11,0.10793553819079023,-0.20499676343707562
mobley_2659552,-0.8150661755036401,0.4543041238601868,-0.642557364597716,0.09298346407935455,5.0,-9.76,0.10793553819079023,-0.1544456224648617
mobley_2099370,-1.7285566536961496,1.2347749400925354,1.536874852881657,1.2548555160033121,5.0,-10.78,0.7694782383247957,0.7911264897620729
mobley_3274817,-0.5379447663815385,1.981390835104163,1.536874852881657,1.2548555160033121,5.0,-6.23,2.0408814646729168,0.391120116694635
mobley_4463913,-1.1127285395063409,1.2057789952968179,-0.642557364597716,0.6590476294837116,8.0,-4.97,1.483894475203765,-0.9854789970614448
mobley_646007,-0.061246448904365744,0.1051713675237949,1.536874852881657,-1.1108400313792317,8.0,-5.48,0.10793553819079023,-1.0450772620419626
mobley_6935906,-0.41971507523084556,0.6431173759639041,-0.642557364597716,1.4401079617407135,8.0,-2.49,0.7694782383247957,0.8816648450083782
mobley_3398536,0.44253369422633415,-1.2630761375714548,-0.642557364597716,-1.1108400313792317,5.0,-1.74,-1.2552693862452016,0.24447348495766236
mobley_7176248,-0.7200382493088217,1.824881428579903,-0.642557364597716,1.7066643047050067,5.0,-3.25,2.0408814646729168,1.348249460036035
mobley_2068538,2.1038067523389756,-1.2630761375714548,-0.642557364597716,-1.1108400313792317,4.0,2.0,-1.2552693862452016,-0.34271707845962324
mobley_7017274,-0.10929202764158391,-1.2630761375714548,-0.642557364597716,-1.1108400313792317,5.0,-3.88,-1.2552693862452016,1.3866393334243858
mobley_900088,1.2037989554228012,-1.2630761375714548,-0.642557364597716,0.09298346407935455,8.0,0.4,-1.2552693862452016,0.14205574581321387
mobley_1722522,-0.2760821979239969,0.6431173759639041,-0.642557364597716,1.00925637645273,3.0,-2.49,0.7694782383247957,-0.3874828923582778
mobley_2005792,0.07112396692669101,-1.2630761375714548,-0.642557364597716,0.09298346407935455,5.0,-2.7,-1.2552693862452016,0.957504979499352
mobley_8311303,0.5523536660802646,-1.2630761375714548,-0.642557364597716,0.09298346407935455,5.0,-4.38,-1.2552693862452016,3.588687840193286
mobley_4043987,2.1054808958043103,-1.2630761375714548,-0.642557364597716,1.00925637645273,4.0,2.93,-1.2552693862452016,0.6078349788816746
mobley_7758918,-0.9002944012274597,0.9162850768272925,1.536874852881657,0.09298346407935455,3.0,-6.46,0.10793553819079023,-0.9704452004897829
mobley_5816127,-0.5945987600278909,0.7295361217995656,1.536874852881657,0.6590476294837116,8.0,-6.619999999999999,0.7694782383247957,-1.5448838828864613
mobley_3762186,0.626491065350673,-1.2630761375714548,-0.642557364597716,-1.1108400313792317,4.0,-1.31,-1.2552693862452016,-0.339227089969773
mobley_4395315,-0.24953786823408838,0.4515064940762741,1.536874852881657,-1.1108400313792317,5.0,-6.79,0.10793553819079023,0.28663523052158313
mobley_1977493,1.401673529018986,-1.2630761375714548,-0.642557364597716,0.09298346407935455,4.0,-0.33,-1.2552693862452016,-0.19580198606958582
mobley_3359593,-0.34926818412430494,0.7295361217995656,1.536874852881657,1.00925637645273,5.0,-5.26,0.7694782383247957,0.2861520013460646
mobley_2996632,0.5428930420350301,-1.2630761375714548,-0.642557364597716,-1.1108400313792317,4.0,-1.08,-1.2552693862452016,0.039906467321830875
mobley_9185328,0.02995073162946487,0.635077180338356,1.536874852881657,0.09298346407935455,8.0,-4.39,0.10793553819079023,-1.0549431910421156
mobley_8320545,0.4387170687717282,1.1506393373992443,-0.642557364597716,0.09298346407935455,7.0,-3.71,1.1868964296043982,-1.0893061546344864
mobley_299266,1.5568135399543546,-1.2630761375714548,-0.642557364597716,-1.1108400313792317,2.0,1.16,-1.2552693862452016,-0.2312387922742179
mobley_5123639,0.1307286690345584,0.4515064940762741,1.536874852881657,0.6590476294837116,0.0,-3.73,0.10793553819079023,-0.3447305333576136
mobley_7768165,0.8408806148388522,-1.2630761375714548,-0.642557364597716,0.09298346407935455,4.0,-1.95,-1.2552693862452016,-0.2059363757228044
mobley_525934,0.37263678351015683,-1.2630761375714548,1.536874852881657,-1.1108400313792317,8.0,-1.2,0.10793553819079023,-0.9268203443666561
mobley_3982371,-0.380722152757029,0.6431173759639041,-0.642557364597716,-1.1108400313792317,3.0,-3.13,0.7694782383247957,-1.1729316480643568
mobley_5973402,0.06877308972140089,0.4515064940762741,1.536874852881657,0.6590476294837116,0.0,-4.42,0.10793553819079023,-0.6054729426473785
mobley_8427539,-0.8444033698902572,1.0352563710202471,1.536874852881657,0.09298346407935455,7.0,-9.4,0.10793553819079023,-1.3726663739450107
mobley_2689721,2.079266376434474,-1.2630761375714548,-0.642557364597716,-1.1108400313792317,6.0,1.23,-1.2552693862452016,0.27762837561123793
mobley_8208692,0.89887379674872,-1.2630761375714548,-0.642557364597716,0.09298346407935455,5.0,-4.61,-1.2552693862452016,4.46574879375793
mobley_4561957,2.1039441528765543,-1.2630761375714548,-0.642557364597716,0.09298346407935455,4.0,2.34,-1.2552693862452016,0.24930577671283893
mobley_1929982,-0.36008594469051586,-1.2630761375714548,-0.642557364597716,-1.1108400313792317,8.0,-0.7,-1.2552693862452016,-1.2175632316364788
mobley_9617923,-0.12371586539035974,0.3335261840950065,-0.642557364597716,1.7066643047050067,1.0,-2.34,0.10793553819079023,0.9389811944378399
mobley_2782339,-1.2959732253957716,1.0934814631195815,1.536874852881657,-1.1108400313792317,5.0,-9.61,0.7694782383247957,-0.9105784748561997
mobley_8883511,-0.4153225243396252,0.3335261840950065,-0.642557364597716,0.09298346407935455,5.0,-3.93,0.10793553819079023,-0.08014913672901368
mobley_588781,0.7083968302065167,-1.2630761375714548,-0.642557364597716,1.4401079617407135,5.0,-0.04,-1.2552693862452016,1.26341589366737
mobley_1838110,-0.4098358692047097,-1.2630761375714548,-0.642557364597716,0.09298346407935455,4.0,1.77,-1.2552693862452016,0.6657553647805327
mobley_9942801,0.7586942435815529,-1.2630761375714548,-0.642557364597716,0.09298346407935455,5.0,-0.95,-1.2552693862452016,0.4231474726053357
mobley_49274,1.131990673382151,-1.2630761375714548,-0.642557364597716,1.00925637645273,8.0,0.6,-1.2552693862452016,0.1831973408954857
mobley_1963873,-0.7980967798941829,0.7200664348622694,1.536874852881657,-1.1108400313792317,8.0,-10.0,0.10793553819079023,-1.459513395211666
mobley_1075836,-0.30448217143497397,0.6431173759639041,-0.642557364597716,0.09298346407935455,3.0,-2.93,0.7694782383247957,-0.9111153961623305
mobley_9626434,-0.5721386373706094,0.7295361217995656,1.536874852881657,1.00925637645273,8.0,-6.69,0.7694782383247957,-1.283067630984435
mobley_1615431,0.7477405511384004,-0.054705421602073444,-0.642557364597716,0.6590476294837116,8.0,-0.53,0.10793553819079023,-0.071907394679906
mobley_5157661,2.0999435388821164,-1.2630761375714548,-0.642557364597716,-1.1108400313792317,4.0,2.3,-1.2552693862452016,-0.1776137768244052
mobley_4934872,-0.6205203955785925,0.6820741257515789,-0.642557364597716,1.586687728158307,5.0,-5.23,1.1868964296043982,0.33226011851004633
mobley_9100956,2.0847273659641963,-1.2630761375714548,-0.642557364597716,-1.1108400313792317,6.0,1.7,-1.2552693862452016,0.4427316772464564
mobley_6861308,-1.1050232102328,0.8022115136305398,1.536874852881657,0.09298346407935455,5.0,-9.13,0.10793553819079023,-0.0985521144966465
mobley_1278715,0.6180321259829525,-1.2630761375714548,-0.642557364597716,-1.1108400313792317,4.0,-0.64,-1.2552693862452016,1.207978768809364
mobley_511661,1.11003649556351,-1.2630761375714548,-0.642557364597716,0.09298346407935455,8.0,0.56,-1.2552693862452016,-0.381576757990839
mobley_7360181,-0.7539934645263312,0.6820741257515789,-0.642557364597716,1.00925637645273,8.0,-0.8,1.1868964296043982,-0.5270153167890168
mobley_8337977,-0.12997262546196245,0.3335261840950065,-0.642557364597716,0.6590476294837116,1.0,-3.05,0.10793553819079023,-0.20499676343707562
mobley_9112978,1.6032720987965896,-1.2630761375714548,-0.642557364597716,0.09298346407935455,2.0,1.31,-1.2552693862452016,0.030577459627808386
mobley_4188615,-0.8235857183659652,0.4543041238601868,-0.642557364597716,0.09298346407935455,5.0,-9.29,0.10793553819079023,-0.3614422090109344
mobley_1743409,-1.0453960001530427,1.2057789952968179,-0.642557364597716,1.4401079617407135,8.0,-5.71,1.483894475203765,-0.6940649581589589
mobley_5326154,-0.3306622580274645,-0.5773529194429764,-0.642557364597716,0.09298346407935455,5.0,-3.45,0.10793553819079023,-0.11700878439489244
mobley_9557440,-1.6384408399778925,1.4047710009322996,1.6847862533744447,-1.1108400313792317,8.0,-17.74,0.7694782383247957,-1.4834735084977524
mobley_5072416,-0.700727719343191,0.8706720620377958,1.536874852881657,0.09298346407935455,5.0,-6.12,0.7694782383247957,-0.43594004023658145
mobley_2802855,1.3408578639226596,-1.2630761375714548,-0.642557364597716,0.6590476294837116,4.0,-0.4,-1.2552693862452016,0.17078103569121092
mobley_5445548,0.7186038722749228,-1.2630761375714548,-0.642557364597716,0.09298346407935455,5.0,-0.3,-1.2552693862452016,0.59266695198348
mobley_1735893,-0.8609413202065854,0.9162850768272925,1.536874852881657,1.2548555160033121,3.0,-6.21,0.10793553819079023,-0.18499644478370367
mobley_6198745,-1.6171888947968702,1.5750616322436357,-0.642557364597716,1.4401079617407135,8.0,-8.84,1.891512552730193,-1.2635371184739277
mobley_2929847,-0.8550678922231995,0.9162850768272925,1.536874852881657,0.6590476294837116,3.0,-6.09,0.10793553819079023,-0.5435256469525386
mobley_7676709,-0.11981049361227361,0.3335261840950065,-0.642557364597716,0.09298346407935455,8.0,-4.51,0.10793553819079023,0.430114026552383
mobley_6303022,-0.4116421123275007,0.14867518327137882,-0.642557364597716,0.09298346407935455,5.0,-4.73,0.10793553819079023,-0.18989585170214718
mobley_8882696,0.45384326924951673,-0.054705421602073444,-0.642557364597716,-1.1108400313792317,8.0,-3.47,0.10793553819079023,-0.7584955148946535
mobley_2771569,-0.5502354706733891,0.25866753305967005,1.536874852881657,-1.1108400313792317,8.0,-7.77,0.7694782383247957,-1.614482307193665
mobley_7912193,-0.9983300605018015,1.1000851611443008,1.536874852881657,1.2548555160033121,5.0,-8.72,1.1868964296043982,0.283333164488878
mobley_3589456,-0.48162309393036495,0.6820741257515789,-0.642557364597716,1.2548555160033121,8.0,-4.59,1.1868964296043982,-0.7441328699556549
mobley_7497999,-0.49484040469265206,0.3335261840950065,-0.642557364597716,0.09298346407935455,5.0,-4.58,0.10793553819079023,-0.02532947137306005
mobley_8311321,-0.24750822748392826,-1.2630761375714548,-0.642557364597716,-1.1108400313792317,4.0,-0.5,-1.2552693862452016,-0.32157580203072333
mobley_2402487,-1.1415224201451266,1.2057789952968179,-0.642557364597716,1.2548555160033121,8.0,-6.0,1.483894475203765,-0.9558812100609851
mobley_6456034,-0.18016461489843671,0.6431173759639041,-0.642557364597716,1.00925637645273,3.0,-1.69,0.7694782383247957,-0.0572762890878421
mobley_7010316,0.10561337048057902,0.4515064940762741,1.536874852881657,-1.1108400313792317,6.0,-5.46,0.10793553819079023,-0.41312088472602304
mobley_5094777,0.6476450502316193,-1.2630761375714548,-0.642557364597716,-1.1108400313792317,5.0,-1.46,-1.2552693862452016,0.16668701073196365
mobley_1903702,0.1486326302639693,0.4515064940762741,1.536874852881657,0.09298346407935455,0.0,-4.62,0.10793553819079023,-0.7716500868948579
mobley_2295058,-1.0812798692396701,1.1000851611443008,1.536874852881657,0.09298346407935455,5.0,-9.51,1.1868964296043982,-0.5021155912172013
mobley_6359135,0.8723169229284452,-1.2630761375714548,-0.642557364597716,-1.1108400313792317,4.0,0.08,-1.2552693862452016,0.42011386722569655
mobley_6688723,-0.6481894267935273,0.946105092582383,1.536874852881657,0.6590476294837116,5.0,-6.44,1.1868964296043982,0.5297129288396443
mobley_6091882,1.439459769089006,-1.2630761375714548,-0.642557364597716,-1.1108400313792317,2.0,1.28,-1.2552693862452016,-0.7548712960782706
mobley_4694328,-0.11228447543886981,0.3335261840950065,-0.642557364597716,1.586687728158307,1.0,-2.29,0.10793553819079023,0.41534869063378616
mobley_4059279,-0.36585083661265866,-0.25079042470773405,-0.642557364597716,-1.1108400313792317,8.0,-7.58,0.7694782383247957,-1.3848142184962198
mobley_2501588,-0.7127982880687562,1.824881428579903,-0.642557364597716,1.7066643047050067,5.0,-2.45,2.0408814646729168,1.348249460036035
mobley_9121449,1.0783511153946812,-1.2630761375714548,-0.642557364597716,-1.1108400313792317,8.0,-0.16,-1.2552693862452016,-0.6022514148105937
mobley_8436428,2.0989580328034525,-1.2630761375714548,-0.642557364597716,0.6590476294837116,4.0,2.83,-1.2552693862452016,0.5111220286148661
mobley_4364398,0.39937045143910094,-1.2630761375714548,-0.642557364597716,-1.1108400313792317,4.0,-0.89,-1.2552693862452016,-0.5877545395450624
mobley_3515580,-0.46065377112498684,0.7295361217995656,1.536874852881657,0.09298346407935455,5.0,-5.94,0.7694782383247957,-0.3531199287659072
mobley_3709920,1.6613416555831964,-1.2630761375714548,-0.642557364597716,1.586687728158307,2.0,2.06,-1.2552693862452016,1.0778424672359155
mobley_4845722,1.885366986680158,-1.2630761375714548,-0.642557364597716,-1.1108400313792317,5.0,-2.33,-1.2552693862452016,2.4698780685432524
mobley_9974966,0.79607652286389,-1.2630761375714548,-0.642557364597716,0.6590476294837116,8.0,-1.21,0.10793553819079023,0.4090398652867492
mobley_1708457,-1.8306871196298562,0.8450997755285157,-0.642557364597716,-1.1108400313792317,8.0,-10.08,0.7694782383247957,-1.520923769600375
mobley_1502181,-0.11570029814054535,0.3335261840950065,-0.642557364597716,1.586687728158307,1.0,-2.49,0.10793553819079023,0.6771649425358127
mobley_8765203,1.1547077975446023,-1.2630761375714548,-0.642557364597716,0.09298346407935455,8.0,0.68,-1.2552693862452016,-0.11976050608881274
mobley_819018,-0.14953248115747658,0.4515064940762741,1.536874852881657,1.2548555160033121,8.0,-4.45,0.10793553819079023,0.4996453356963204
mobley_9281946,-2.7549952328561274,1.552594714795598,-0.642557364597716,1.7066643047050067,5.0,-6.74,2.0408814646729168,0.830858666415752
mobley_8191186,-0.24954412067997767,-1.2630761375714548,-0.642557364597716,-1.1108400313792317,4.0,0.06,-1.2552693862452016,-0.09358559241493664
mobley_6055410,-1.4543070829583016,1.284733598371982,1.6847862533744447,0.6590476294837116,5.0,-9.4,0.7694782383247957,0.7440787603123623
mobley_9671033,0.4993865064091084,1.1506393373992443,-0.642557364597716,0.6590476294837116,7.0,-3.34,1.1868964296043982,-0.82748990273246
mobley_2390199,-0.020003682635873217,0.3335261840950065,-0.642557364597716,1.2548555160033121,1.0,-2.92,0.10793553819079023,0.15353243873175956
mobley_1896013,-1.4336774187640002,1.7033145747846061,1.7220071859733213,-1.1108400313792317,8.0,-20.52,1.710499806213434,-3.026383996827843
mobley_8127829,0.6766784810450259,-1.2630761375714548,-0.642557364597716,0.09298346407935455,5.0,-0.79,-1.2552693862452016,0.21615088605926333
mobley_210639,0.7891460973663066,-1.2630761375714548,-0.642557364597716,-1.1108400313792317,4.0,-0.46,-1.2552693862452016,-0.06519587835327112
mobley_5079234,0.07099383926081128,0.4515064940762741,1.536874852881657,1.4401079617407135,0.0,-4.21,0.10793553819079023,0.014872511423482875
mobley_2609604,2.1139850828546436,-1.2630761375714548,-0.642557364597716,0.6590476294837116,4.0,2.56,-1.2552693862452016,0.6078349788816746
mobley_5026370,-0.7896229025799925,0.9027019127182282,-0.642557364597716,-1.1108400313792317,5.0,-6.02,0.7694782383247957,-0.653473707415471
mobley_8785107,0.5666438508693084,-0.054705421602073444,-0.642557364597716,-1.1108400313792317,8.0,-2.92,0.10793553819079023,-0.23701069631512386
mobley_6571751,1.5962481147525454,-1.2630761375714548,-0.642557364597716,-1.1108400313792317,2.0,0.67,-1.2552693862452016,0.38910666179664355
mobley_9055303,2.1304787659450097,-1.2630761375714548,-0.642557364597716,-1.1108400313792317,4.0,2.0,-1.2552693862452016,-0.866349582263676
mobley_7814642,0.7650368700588512,-1.2630761375714548,-0.642557364597716,-1.1108400313792317,5.0,-1.12,-1.2552693862452016,1.1542866381962855
mobley_1827204,-0.1199361334828849,0.3335261840950065,-0.642557364597716,1.2548555160033121,1.0,-2.81,0.10793553819079023,-0.10828381317026703
mobley_5110043,0.2842950987484057,-1.2630761375714548,-0.642557364597716,-1.1108400313792317,5.0,-2.63,-1.2552693862452016,1.0266604437289977
mobley_6060301,0.03897780907372484,0.635077180338356,1.536874852881657,1.2548555160033121,8.0,-3.95,0.10793553819079023,-0.2694944353360366
mobley_5499659,-0.7584758858043306,0.36295027405071173,-0.642557364597716,-1.1108400313792317,8.0,-8.41,0.7694782383247957,-1.0113183349189891
mobley_3727287,-0.8886708668334972,0.8450997755285157,-0.642557364597716,-1.1108400313792317,8.0,-6.5,0.7694782383247957,-1.1250785366554503
mobley_337666,-1.6585816548332382,1.4047710009322996,1.6847862533744447,-1.1108400313792317,8.0,-16.92,0.7694782383247957,-1.828646793176584
mobley_5977084,-0.3929095360490003,0.14867518327137882,-0.642557364597716,-1.1108400313792317,5.0,-4.77,0.10793553819079023,-0.3603549433660196
mobley_7039935,-0.5194866825961958,0.4515064940762741,1.536874852881657,-1.1108400313792317,5.0,-7.67,0.10793553819079023,0.4150802299807211
mobley_5310099,1.612931162635663,-1.2630761375714548,-0.642557364597716,1.00925637645273,2.0,1.58,-1.2552693862452016,0.2923937115298351
mobley_3843583,-0.6759575050454443,0.635077180338356,1.536874852881657,-1.1108400313792317,5.0,-7.28,0.10793553819079023,0.33226011851004544
mobley_7261305,-1.0881736652025238,1.196444404070305,1.6847862533744447,-1.1108400313792317,8.0,-9.3,0.7694782383247957,-2.0860334443030313
mobley_5600967,-1.0243091190415967,0.7316282327708147,-0.642557364597716,0.6590476294837116,5.0,-11.01,0.7694782383247957,-0.35567030497002844
mobley_676247,-0.5855347902140902,-1.2630761375714548,-0.642557364597716,-1.1108400313792317,4.0,3.12,-1.2552693862452016,-0.30285067147941214
mobley_5917842,-0.4252424361767428,0.7295361217995656,1.536874852881657,0.09298346407935455,5.0,-5.8,0.7694782383247957,-0.1461233422198345
mobley_8827942,0.05776609884647883,0.38732032910098085,-0.642557364597716,-1.1108400313792317,5.0,-4.05,0.7694782383247957,2.428132436991584
mobley_9201263,-1.7870402561981582,1.040682747683884,-0.642557364597716,0.09298346407935455,8.0,-4.87,1.1868964296043982,-1.5668305412745576
mobley_2183616,0.7717039583657455,-1.2630761375714548,-0.642557364597716,0.6590476294837116,5.0,-0.45,-1.2552693862452016,0.8544832038855065
mobley_4759887,0.6995244260909217,-1.2630761375714548,-0.642557364597716,1.4401079617407135,4.0,0.27,-1.2552693862452016,0.9831429718670976
mobley_6981465,-0.30816819312590754,0.6431173759639041,-0.642557364597716,0.09298346407935455,3.0,-2.64,0.7694782383247957,-0.6503729868725657
mobley_1952272,0.32967182283438895,1.1506393373992443,-0.642557364597716,-1.1108400313792317,7.0,-4.02,1.1868964296043982,-1.3511224065365126
mobley_3425174,0.2963570146111211,-1.2630761375714548,-0.642557364597716,-1.1108400313792317,4.0,-0.77,-1.2552693862452016,-0.5199682246460502
mobley_6334915,-3.1934315253865297,1.2570263535753545,1.536874852881657,1.00925637645273,8.0,-12.74,1.483894475203765,0.1570224272216093
mobley_5665561,0.28649760429975274,-1.2630761375714548,-0.642557364597716,-1.1108400313792317,5.0,-2.47,-1.2552693862452016,1.0266604437289977
mobley_6430250,0.6974139017127238,-1.2630761375714548,-0.642557364597716,0.6590476294837116,5.0,-0.53,-1.2552693862452016,0.47796713796128965
mobley_6804509,0.948694214673694,-1.2630761375714548,-0.642557364597716,-1.1108400313792317,5.0,-1.34,-1.2552693862452016,1.592817114978608
mobley_8668219,2.1009323627185807,-1.2630761375714548,-0.642557364597716,0.6590476294837116,4.0,2.52,-1.2552693862452016,0.5111220286148661
mobley_1328936,-0.7557315876677511,1.535429947222556,-0.642557364597716,0.6590476294837116,5.0,-6.88,1.710499806213434,-0.4374165738284413
mobley_6082662,-0.8905463978451086,1.5319419732313306,1.536874852881657,0.09298346407935455,5.0,-9.82,1.483894475203765,-0.574599967544858
mobley_2493732,1.093254225979925,-1.2630761375714548,-0.642557364597716,-1.1108400313792317,2.0,0.25,-1.2552693862452016,0.005543503729460388
mobley_8705848,0.5502640040531024,0.1051713675237949,1.536874852881657,0.6590476294837116,8.0,-3.22,0.10793553819079023,-0.35848914182721525
mobley_1733799,-0.413522704723844,0.4515064940762741,1.536874852881657,-1.1108400313792317,5.0,-5.85,0.10793553819079023,0.15286128709909616
mobley_3269565,0.5938153611668756,-0.054705421602073444,-0.642557364597716,0.09298346407935455,8.0,-2.01,0.10793553819079023,-0.5944660558716973
mobley_2661134,-0.760375454271315,1.0531740510898886,1.536874852881657,-1.1108400313792317,5.0,-9.65,0.7694782383247957,-0.4450140103101921
mobley_9733743,0.04120777999506827,0.635077180338356,1.536874852881657,0.6590476294837116,8.0,-4.24,0.10793553819079023,-0.7931269391400894
mobley_7829570,-0.740778283662922,1.824881428579903,-0.642557364597716,1.7066643047050067,5.0,-3.51,2.0408814646729168,1.348249460036035
mobley_1922649,-2.422566218415883,1.552594714795598,-0.642557364597716,1.4401079617407135,5.0,-7.19,2.0408814646729168,0.3072261626116982
mobley_1760914,0.7355068077306253,-1.2630761375714548,-0.642557364597716,-1.1108400313792317,5.0,-1.14,-1.2552693862452016,0.48422227117771316
mobley_8723116,-0.49548168868348336,0.635077180338356,1.536874852881657,-1.1108400313792317,5.0,-5.9,0.10793553819079023,-0.0031814674951650287
mobley_1017962,-0.2894718671838336,0.6431173759639041,-0.642557364597716,1.2548555160033121,3.0,-2.49,0.7694782383247957,-0.12566664045625137
mobley_9073553,0.8507987299545006,-1.2630761375714548,-0.642557364597716,-1.1108400313792317,8.0,-1.61,0.10793553819079023,-0.6360774570968335
mobley_2354112,-0.2881844430047328,0.4515064940762741,1.536874852881657,0.09298346407935455,5.0,-6.25,0.10793553819079023,0.018563845403131798
mobley_1036761,0.22826330410804704,0.635077180338356,1.536874852881657,-1.1108400313792317,8.0,-4.59,0.10793553819079023,-0.4356715795835161
mobley_9029594,1.095107971143266,-1.2630761375714548,-0.642557364597716,-1.1108400313792317,4.0,-0.22,-1.2552693862452016,-0.9001756245499156
mobley_9197172,1.626270516236051,-1.2630761375714548,-0.642557364597716,1.4401079617407135,2.0,1.92,-1.2552693862452016,0.8160262153338889
mobley_7774695,-0.5286359741218876,0.1051713675237949,1.536874852881657,0.09298346407935455,5.0,-4.69,0.10793553819079023,-0.13331776906861517
mobley_6239320,-2.0160160495648425,1.7912895187265525,1.713378345899499,-1.1108400313792317,8.0,-18.06,1.1868964296043982,-2.8023535818447716
mobley_7393673,-0.8099334168215274,0.8770228637169856,-0.642557364597716,0.6590476294837116,5.0,-5.33,1.1868964296043982,-0.29875664652016476
mobley_8558116,-0.19497005454054825,0.12770904143009407,-0.642557364597716,-1.1108400313792317,8.0,-6.32,0.7694782383247957,-1.327900560046356
mobley_2577969,-0.23212589658920696,-1.2630761375714548,-0.642557364597716,-1.1108400313792317,5.0,-4.52,-1.2552693862452016,1.783289948328507
mobley_3999471,0.8450169850569702,-1.2630761375714548,-0.642557364597716,-1.1108400313792317,4.0,-0.84,-1.2552693862452016,-0.0784846806800082
mobley_8573194,-0.12201000127969416,0.3335261840950065,-0.642557364597716,0.6590476294837116,1.0,-3.18,0.10793553819079023,-0.6319163169743197
mobley_9139060,2.102257107866097,-1.2630761375714548,-0.642557364597716,-1.1108400313792317,6.0,2.11,-1.2552693862452016,0.6078349788816746
mobley_52782,-0.5050534575327867,1.9659530433065084,-0.642557364597716,1.4401079617407135,8.0,-5.73,2.1671633186071757,-1.665892522255688
mobley_1723043,-1.2422573749553225,-1.2630761375714548,-0.642557364597716,-1.1108400313792317,8.0,3.43,-1.2552693862452016,0.41226139312353355
mobley_1881249,-0.13058194135819415,0.3335261840950065,-0.642557364597716,0.6590476294837116,1.0,-3.52,0.10793553819079023,-0.3701000650722935
mobley_1855337,0.9910955768475376,-1.2630761375714548,-0.642557364597716,-1.1108400313792317,5.0,-1.62,-1.2552693862452016,1.592817114978608
mobley_5200358,-1.1550609534859164,1.173610299028679,1.536874852881657,1.00925637645273,8.0,-9.84,1.483894475203765,-0.3068104661121266
mobley_3969312,-0.5053788100999699,0.3335261840950065,-0.642557364597716,0.09298346407935455,5.0,-4.02,0.10793553819079023,-0.28714572327508636
mobley_8772587,0.6866273844984695,-1.2630761375714548,-0.642557364597716,0.6590476294837116,4.0,-0.25,-1.2552693862452016,0.19769421616101662
mobley_8260524,1.0022379012889797,-1.2630761375714548,-0.642557364597716,-1.1108400313792317,8.0,-0.48,-1.2552693862452016,-0.86406766671262
mobley_5449201,2.1079857080792572,-1.2630761375714548,-0.642557364597716,0.6590476294837116,4.0,2.3,-1.2552693862452016,0.1809154253444298
mobley_36119,0.05168617306395409,0.4515064940762741,1.536874852881657,1.586687728158307,0.0,-4.09,0.10793553819079023,0.27668876332551007
mobley_6195751,-1.114319043174718,1.2570263535753545,1.536874852881657,1.00925637645273,5.0,-8.68,1.483894475203765,0.40387199771524074
mobley_6257907,-0.47715995446517107,0.635077180338356,1.536874852881657,-1.1108400313792317,5.0,-5.82,0.10793553819079023,-0.0031814674951650287
mobley_5760563,-1.7706857475595592,1.2057789952968179,-0.642557364597716,0.6590476294837116,8.0,-5.1,1.483894475203765,-1.6127373129487401
mobley_1527293,-1.3303462935922339,0.9162850768272925,1.536874852881657,1.00925637645273,5.0,-8.42,0.10793553819079023,1.1771057937068452
mobley_2316618,-1.5943486144258072,1.4141928081788577,1.6847862533744447,1.00925637645273,5.0,-14.21,1.483894475203765,-0.04076595892432049
mobley_1328465,0.3796274581624452,-1.2630761375714548,-0.642557364597716,0.09298346407935455,4.0,-1.99,-1.2552693862452016,0.06843041171002921
mobley_8449031,0.8033624171327972,-0.5773529194429764,-0.642557364597716,1.00925637645273,8.0,-3.22,0.10793553819079023,-0.3884896198072729
mobley_6232400,-1.0410754742226365,0.7425398807626523,-0.642557364597716,0.09298346407935455,5.0,-7.1,0.7694782383247957,-0.6931924610364962
mobley_6250025,0.6852529324437516,-1.2630761375714548,-0.642557364597716,1.2548555160033121,4.0,0.08,-1.2552693862452016,0.7213267199650707
mobley_7047032,1.9481086781406427,-1.2630761375714548,-0.642557364597716,-1.1108400313792317,4.0,1.09,-1.2552693862452016,0.06494042322017887
mobley_3201701,-1.895530527427796,1.3005474651392128,-0.642557364597716,0.6590476294837116,5.0,-9.41,1.710499806213434,-0.474571528212692
mobley_7708038,1.3134984901953788,-1.2630761375714548,-0.642557364597716,0.09298346407935455,4.0,-0.56,-1.2552693862452016,-0.09103521621081552
mobley_6497672,-0.3192132932438303,0.3335261840950065,-0.642557364597716,0.09298346407935455,8.0,-4.22,0.10793553819079023,-0.7822542826909409
mobley_7239499,-0.22248561555249,0.38732032910098085,-0.642557364597716,-1.1108400313792317,5.0,-3.52,0.7694782383247957,1.5510714834269397
mobley_9414831,0.22346661737825815,-1.2630761375714548,-0.642557364597716,-1.1108400313792317,5.0,-2.44,-1.2552693862452016,0.8196638571829244
mobley_352111,-1.1720217334788505,1.2057789952968179,-0.642557364597716,1.00925637645273,8.0,-6.34,1.483894475203765,-1.2176974619630114
mobley_6266306,-0.23918582520492762,0.1051713675237949,1.536874852881657,-1.1108400313792317,8.0,-5.56,0.10793553819079023,-1.3068935139439888
mobley_5371840,-0.18789705532370504,0.38732032910098085,-0.642557364597716,-1.1108400313792317,5.0,-3.1,0.7694782383247957,1.5510714834269397
mobley_4553008,0.6616946541479014,-1.2630761375714548,-0.642557364597716,-1.1108400313792317,5.0,-1.01,-1.2552693862452016,0.7157561614139627
mobley_3573480,-0.1279945932827431,0.3335261840950065,-0.642557364597716,1.2548555160033121,1.0,-3.04,0.10793553819079023,0.15353243873175956
mobley_3318135,-0.00977445395980122,0.3335261840950065,-0.642557364597716,1.586687728158307,1.0,-2.64,0.10793553819079023,0.6771649425358127
mobley_8052240,-1.386772104589852,1.324680869617784,1.536874852881657,-1.1108400313792317,5.0,-9.44,1.1868964296043982,0.0786990316897802
mobley_8916409,-2.0847138672950902,1.4767756482668513,-0.642557364597716,1.8935985518943605,8.0,-8.15,2.1671633186071757,0.1307803983844673
mobley_951560,-0.7136690453556362,0.5768324409649298,1.6847862533744447,-1.1108400313792317,8.0,-7.4,0.7694782383247957,-1.8441503958911103
mobley_296847,-0.4700441118788354,0.14867518327137882,-0.642557364597716,-1.1108400313792317,5.0,-4.69,0.10793553819079023,-0.5673515299120924
mobley_4039055,-1.6607020916182902,1.4047710009322996,1.6847862533744447,-1.1108400313792317,8.0,-18.17,0.7694782383247957,-1.410250865374166
mobley_8885088,1.4167175076883547,-1.2630761375714548,-0.642557364597716,-1.1108400313792317,2.0,0.56,-1.2552693862452016,-0.13452584200740947
mobley_4506634,-0.31479867911519366,-1.2630761375714548,-0.642557364597716,-1.1108400313792317,4.0,-0.11,-1.2552693862452016,0.39031473473543743
mobley_2078467,-1.1589535303820757,0.9162850768272925,1.536874852881657,1.2548555160033121,5.0,-7.0,0.10793553819079023,0.7693140617005094
mobley_718988,0.05786281994319782,0.635077180338356,1.536874852881657,1.4401079617407135,8.0,-3.79,0.10793553819079023,-0.007678183434010345
mobley_3802803,0.3582781245969356,1.3010047481533227,-0.642557364597716,1.586687728158307,8.0,-1.66,1.483894475203765,-0.08794791870056337
mobley_1449384,0.8009871175614156,-1.2630761375714548,-0.642557364597716,0.09298346407935455,5.0,-0.68,-1.2552693862452016,0.7996635385295532
mobley_7542832,0.6985695095139828,-0.054705421602073444,-0.642557364597716,1.2548555160033121,8.0,-1.16,0.10793553819079023,-0.06975970945538293
mobley_1987439,0.7784743515461199,-1.2630761375714548,-0.642557364597716,-1.1108400313792317,5.0,-0.9,-1.2552693862452016,0.4596849674875363
mobley_7943327,-0.2554497062020709,0.6431173759639041,-0.642557364597716,0.6590476294837116,3.0,-2.68,0.7694782383247957,-0.6492991442603041
mobley_7463799,-0.3871901866580123,0.4515064940762741,1.536874852881657,1.00925637645273,5.0,-6.92,0.10793553819079023,-0.21170827976371034
mobley_5076071,-1.3156589695390466,2.0574062359102427,1.536874852881657,1.4401079617407135,5.0,-5.66,2.1671633186071757,0.5442098041051758
mobley_4043951,1.6077587693262594,-1.2630761375714548,-0.642557364597716,0.6590476294837116,2.0,1.68,-1.2552693862452016,0.030577459627808386
mobley_4149784,-0.07790097636834283,0.38732032910098085,-0.642557364597716,-1.1108400313792317,5.0,-3.67,0.7694782383247957,1.9896019602092618
mobley_1650157,0.13364088493347898,0.4515064940762741,1.536874852881657,-1.1108400313792317,0.0,-4.47,0.10793553819079023,-0.7716500868948579
mobley_2960202,0.6157111142417945,0.38732032910098085,-0.642557364597716,-1.1108400313792317,5.0,-3.71,0.7694782383247957,3.7437238673385513
mobley_7142697,0.06378214648775565,0.635077180338356,1.536874852881657,1.00925637645273,8.0,-4.09,0.10793553819079023,-0.5313106872380631
mobley_1244778,0.11335221092778684,0.4515064940762741,1.536874852881657,-1.1108400313792317,6.0,-5.48,0.10793553819079023,-0.1513046328239966
mobley_9740891,-0.07217448216754108,0.5685235764224948,-0.642557364597716,-1.1108400313792317,5.0,-4.71,0.10793553819079023,0.6296339839105843
mobley_3323117,-1.5157715536370175,0.8450997755285157,-0.642557364597716,-1.1108400313792317,8.0,-8.61,0.7694782383247957,-1.1623945674315401
mobley_2410897,0.014138037044015395,0.635077180338356,1.536874852881657,-1.1108400313792317,8.0,-4.5,0.10793553819079023,-1.316759442944142
mobley_1857976,0.641041920999853,-1.2630761375714548,-0.642557364597716,0.09298346407935455,4.0,-1.79,-1.2552693862452016,-0.31070314558157486
mobley_5263791,0.2728536684456411,-1.2630761375714548,-0.642557364597716,0.09298346407935455,5.0,-2.4,-1.2552693862452016,0.9901229488467976
mobley_9007496,-1.116979206297849,0.9384637419140314,1.536874852881657,0.09298346407935455,5.0,-9.45,0.7694782383247957,0.4235367405522807
mobley_1893937,1.4498847755488042,-1.2630761375714548,-0.642557364597716,1.2548555160033121,4.0,0.0,-1.2552693862452016,0.5896467696364941
mobley_252413,2.105875081265189,-1.2630761375714548,-0.642557364597716,0.09298346407935455,4.0,2.88,-1.2552693862452016,0.6078349788816746
mobley_7298388,0.08574191150224426,1.1506393373992443,-0.642557364597716,0.09298346407935455,5.0,-3.45,1.1868964296043982,-0.0871962288719804
mobley_6743808,-0.27905294330534924,0.4515064940762741,1.536874852881657,-1.1108400313792317,5.0,-6.5,0.10793553819079023,0.05510134028533237
mobley_2972906,0.347844902144919,-1.2630761375714548,-0.642557364597716,-1.1108400313792317,8.0,-1.4,0.10793553819079023,-0.12002896674187825
mobley_8514745,-0.2747729085851376,0.6431173759639041,-0.642557364597716,1.2548555160033121,3.0,-2.51,0.7694782383247957,-0.12566664045625137
mobley_1873346,0.6183130327313837,-1.2630761375714548,-0.642557364597716,-1.1108400313792317,5.0,-0.9,-1.2552693862452016,0.04569179439539018
mobley_1563176,0.5271358028674341,-1.2630761375714548,1.536874852881657,0.6590476294837116,8.0,-0.99,0.10793553819079023,-0.14137158866057703
mobley_2043882,-0.04324239210776447,0.3335261840950065,-0.642557364597716,0.09298346407935455,8.0,-3.9,0.10793553819079023,0.15353243873175956
mobley_5935995,2.1075389838734315,-1.2630761375714548,-0.642557364597716,-1.1108400313792317,4.0,2.51,-1.2552693862452016,0.346018726979648
mobley_5456566,1.706102186576529,-1.2630761375714548,-0.642557364597716,0.09298346407935455,5.0,-2.98,-1.2552693862452016,5.342809747322577
mobley_5518547,-0.47517877454909657,0.635077180338356,1.536874852881657,-1.1108400313792317,5.0,-5.57,0.10793553819079023,-0.2347153577314149
mobley_1520842,-0.4318636082930773,0.14867518327137882,-0.642557364597716,-1.1108400313792317,5.0,-4.93,0.10793553819079023,-0.3603549433660196
mobley_1821184,-0.6531577441862517,0.2809524052442961,1.536874852881657,-1.1108400313792317,5.0,-5.88,-1.2552693862452016,0.3687170751963268
mobley_2844990,0.1984391982906808,0.38732032910098085,-0.642557364597716,-1.1108400313792317,5.0,-3.84,0.7694782383247957,2.8666629137739066
mobley_637522,-0.10374765215104689,-1.2630761375714548,-0.642557364597716,-1.1108400313792317,5.0,-3.95,-1.2552693862452016,1.3866393334243858
mobley_4483973,0.7303255375438988,-1.2630761375714548,-0.642557364597716,-1.1108400313792317,5.0,-0.8,-1.2552693862452016,-0.06794760004719141
mobley_9114381,-0.9202297400162693,1.1633071823265442,-0.642557364597716,0.09298346407935455,8.0,-6.72,1.1868964296043982,-1.2442213744858726
mobley_859464,-0.29286710145982137,0.6431173759639041,-0.642557364597716,0.6590476294837116,3.0,-2.36,0.7694782383247957,-0.48419584262508625
mobley_2126135,-0.2851386509773437,0.4515064940762741,1.536874852881657,0.09298346407935455,5.0,-5.66,0.10793553819079023,0.018563845403131798
mobley_9897248,-0.13668297984267114,0.4515064940762741,1.536874852881657,1.2548555160033121,8.0,-4.78,0.10793553819079023,0.4996453356963204
mobley_5627459,-0.07093418021742566,0.3335261840950065,-0.642557364597716,0.09298346407935455,1.0,-2.86,0.10793553819079023,-0.7286292672411283
mobley_5282042,-0.5081010693659929,-0.5773529194429764,-0.642557364597716,1.00925637645273,5.0,-7.43,0.10793553819079023,1.5044935601200948
mobley_6988468,-0.35508564250629526,0.14867518327137882,-0.642557364597716,0.09298346407935455,5.0,-4.33,0.10793553819079023,-0.18989585170214718
mobley_3546460,0.05627163042981291,0.4515064940762741,1.536874852881657,1.2548555160033121,0.0,-4.4,0.10793553819079023,-0.24694374047854356
mobley_6929123,-0.49832159328333553,0.6431173759639041,-0.642557364597716,0.09298346407935455,8.0,-4.0,0.7694782383247957,-1.0260165556743195
mobley_9407874,-0.1347326280396864,0.3335261840950065,-0.642557364597716,1.4401079617407135,1.0,-2.88,0.10793553819079023,0.41534869063378616
mobley_8823527,0.48755243830909734,-1.2630761375714548,-0.642557364597716,0.09298346407935455,5.0,-3.61,-1.2552693862452016,3.1501573634109636
mobley_5952846,1.8954484342108706,-1.2630761375714548,-0.642557364597716,-1.1108400313792317,2.0,0.1,-1.2552693862452016,0.7659583035371914
mobley_5708811,-1.045477816653447,1.1000851611443008,1.536874852881657,0.6590476294837116,5.0,-9.86,0.7694782383247957,0.5189745027170285
mobley_7988076,-1.0570435683484452,0.9162850768272925,1.536874852881657,0.09298346407935455,5.0,-8.83,0.7694782383247957,-0.4847327639312173
mobley_3105103,-1.2925564792506894,1.2426698383480872,1.536874852881657,-1.1108400313792317,8.0,-11.14,1.1868964296043982,-0.4520342563878523
mobley_1144156,0.6110086154923746,-0.054705421602073444,-0.642557364597716,0.6590476294837116,8.0,-1.59,0.10793553819079023,-0.5933922132594355
mobley_3663158,-0.573292937342473,0.4515064940762741,1.536874852881657,-1.1108400313792317,5.0,-8.11,0.10793553819079023,0.4150802299807211
mobley_3053621,0.5405828271200017,-1.2630761375714548,-0.642557364597716,-1.1108400313792317,5.0,-0.9,-1.2552693862452016,-0.1613047921506825
mobley_8207196,-2.0374712409683338,1.3624004475234777,1.6847862533744447,1.2548555160033121,5.0,-10.22,1.710499806213434,-0.36130797868440184
mobley_2693089,-0.744995144849705,0.6281319404509236,-0.642557364597716,0.6590476294837116,5.0,-5.04,0.7694782383247957,-0.16902303592631263
mobley_186894,0.5230885093907113,-1.2630761375714548,1.536874852881657,0.09298346407935455,8.0,-1.1,0.10793553819079023,-0.4031878405626033
mobley_4494568,0.591751988638235,-1.2630761375714548,-0.642557364597716,-1.1108400313792317,5.0,-1.39,-1.2552693862452016,0.5574449143013
mobley_3395921,0.583442222426696,-0.054705421602073444,-0.642557364597716,-1.1108400313792317,8.0,-3.12,0.10793553819079023,-0.4966792629926271
mobley_4690963,-0.18988570877858002,0.38732032910098085,-0.642557364597716,1.4401079617407135,8.0,-3.54,0.7694782383247957,-0.5822510961572218
mobley_3183805,0.7594208307251221,-1.2630761375714548,-0.642557364597716,-1.1108400313792317,5.0,-0.86,-1.2552693862452016,0.4596849674875363
mobley_7417968,-0.7181796090579718,0.8770228637169856,-0.642557364597716,1.2548555160033121,8.0,-5.31,1.1868964296043982,-0.8999742790601167
mobley_8492526,-0.1057309906572883,0.3335261840950065,-0.642557364597716,1.00925637645273,1.0,-3.03,0.10793553819079023,-0.3701000650722935
mobley_2792521,-0.2932107482131976,0.3335261840950065,-0.642557364597716,1.00925637645273,8.0,-3.68,0.10793553819079023,-0.25862177888688814
mobley_7326706,-2.695204762788181,0.9853292285112808,-0.642557364597716,1.586687728158307,5.0,-5.04,1.710499806213434,1.8732913822686805
mobley_1034539,0.5887481037925617,-1.2630761375714548,-0.642557364597716,0.09298346407935455,5.0,-3.04,-1.2552693862452016,3.588687840193286
mobley_1944394,-0.6672528306506629,0.12770904143009407,-0.642557364597716,1.586687728158307,5.0,-9.34,0.7694782383247957,0.9579076704789503
mobley_2197088,2.1234824825738023,-1.2630761375714548,-0.642557364597716,1.7066643047050067,4.0,3.16,-1.2552693862452016,1.489996684854564
mobley_3715043,0.28959832128341806,-1.2630761375714548,-0.642557364597716,-1.1108400313792317,5.0,-2.82,-1.2552693862452016,1.0266604437289977
mobley_5390332,-0.2891929117428214,0.6431173759639041,-0.642557364597716,0.6590476294837116,3.0,-2.83,0.7694782383247957,-0.6492991442603041
mobley_820789,-0.9612601451506959,0.9162850768272925,1.536874852881657,0.6590476294837116,3.0,-6.35,0.10793553819079023,-0.7086289485877564
mobley_628951,0.40516732166665737,-1.2630761375714548,-0.642557364597716,0.09298346407935455,5.0,-2.28,-1.2552693862452016,2.711626886628641
mobley_2518989,-2.635663497417974,1.2582935853160622,-0.642557364597716,1.8073796313645762,5.0,-5.74,1.891512552730193,1.3095911259946182
mobley_129464,0.714631526618901,-0.054705421602073444,-0.642557364597716,1.586687728158307,8.0,-0.83,0.10793553819079023,0.45387279434867056
mobley_8467917,1.6891812772036165,-1.2630761375714548,-0.642557364597716,1.00925637645273,2.0,1.68,-1.2552693862452016,0.5542099634318617
mobley_6727159,-0.7113982602981115,1.5740988118219892,1.536874852881657,1.00925637645273,8.0,-8.18,1.710499806213434,-1.8248883440336683
mobley_4964807,-0.7848384773344055,1.535429947222556,-0.642557364597716,1.00925637645273,8.0,-5.99,1.710499806213434,-1.4244121648233654
mobley_7913234,-0.17083535787089188,0.7295361217995656,1.536874852881657,1.4401079617407135,8.0,-5.73,0.7694782383247957,-0.49869271789061764
mobley_2487143,-0.13587084665727517,0.3335261840950065,-0.642557364597716,1.00925637645273,1.0,-3.28,0.10793553819079023,-0.10828381317026703
mobley_7690440,0.5319146140502018,-1.2630761375714548,-0.642557364597716,0.09298346407935455,8.0,-1.83,0.7694782383247957,-0.20103696880436103
mobley_8789864,-0.926580055978839,1.1870300106968001,-0.642557364597716,1.2548555160033121,8.0,-6.4,1.483894475203765,-0.9623376887672078
mobley_2727678,-1.6952689190020944,1.4047710009322996,1.6847862533744447,-1.1108400313792317,8.0,-18.72,0.7694782383247957,-1.5162257081717305
mobley_6201330,-0.9970604897512613,1.1000851611443008,1.536874852881657,1.00925637645273,5.0,-9.37,1.1868964296043982,0.021516912586851414
mobley_3151666,0.04982558092231442,0.4515064940762741,1.536874852881657,1.8073796313645762,0.0,-3.64,0.10793553819079023,0.8003212671295632
mobley_8685905,-0.5754192385226159,-1.2630761375714548,-0.642557364597716,-1.1108400313792317,4.0,0.5,-1.2552693862452016,0.20957360005916068
mobley_9209581,-0.004480615965945162,-0.5773529194429764,-0.642557364597716,-1.1108400313792317,8.0,-3.2,0.10793553819079023,-1.1739383755133521
mobley_1875719,-0.06939570178124933,0.3335261840950065,-0.642557364597716,0.6590476294837116,1.0,-3.41,0.10793553819079023,-0.3701000650722935
mobley_967099,0.502843105444814,1.1506393373992443,-0.642557364597716,0.09298346407935455,8.0,-3.13,1.1868964296043982,-0.8285637453447214
mobley_766666,1.0718055192233322,-1.2630761375714548,-0.642557364597716,-1.1108400313792317,2.0,-0.44,-1.2552693862452016,0.3857509036333262
mobley_1363784,-0.315150966212966,0.14867518327137882,-0.642557364597716,-1.1108400313792317,5.0,-4.84,0.10793553819079023,-0.1533583568199469
mobley_2923700,-0.32373964050813264,0.4515064940762741,1.536874852881657,0.09298346407935455,5.0,-6.13,0.10793553819079023,0.018563845403131798
mobley_4792268,-0.9226119895296468,0.9162850768272925,1.536874852881657,1.00925637645273,3.0,-6.16,0.10793553819079023,-0.44681269668573
mobley_6843802,-0.6323840790331051,-0.054705421602073444,-0.642557364597716,1.00925637645273,5.0,-1.29,0.10793553819079023,0.46924216673666375
mobley_4465023,0.6381558944307375,-1.2630761375714548,-0.642557364597716,-1.1108400313792317,2.0,-1.17,-1.2552693862452016,0.005543503729460388
mobley_2636578,-0.3598526897430419,1.9659530433065084,-0.642557364597716,1.586687728158307,8.0,-4.8,2.1671633186071757,-1.4040762703536618
mobley_6632459,-0.1420890018233701,0.3335261840950065,-0.642557364597716,0.09298346407935455,1.0,-3.43,0.10793553819079023,-0.8937325688763462
mobley_9821936,1.252606462794147,0.38732032910098085,-0.642557364597716,-1.1108400313792317,5.0,-4.53,0.7694782383247957,4.620784820903198
mobley_5467162,-0.285950642940204,0.4515064940762741,1.536874852881657,-1.1108400313792317,5.0,-5.91,0.10793553819079023,0.5119274105740625
mobley_7106722,2.107736238465387,-1.2630761375714548,-0.642557364597716,0.6590476294837116,4.0,2.51,-1.2552693862452016,0.346018726979648
mobley_2023925,-1.128823165220059,-0.054705421602073444,-0.642557364597716,0.6590476294837116,8.0,0.1,0.10793553819079023,0.28581642552973247
mobley_9565165,0.00908902906448398,-1.2630761375714548,-0.642557364597716,-1.1108400313792317,5.0,-3.35,-1.2552693862452016,0.8932086530901898
mobley_2845466,0.18691214571512813,0.38732032910098085,-0.642557364597716,-1.1108400313792317,5.0,-3.37,0.7694782383247957,2.8666629137739066
mobley_7200804,-0.1477045309098223,0.4515064940762741,1.536874852881657,-1.1108400313792317,5.0,-5.29,0.10793553819079023,-0.26553464070332233
mobley_1046331,-0.708116173608097,0.6431173759639041,-0.642557364597716,0.6590476294837116,5.0,-3.82,0.7694782383247957,-0.4732560710126717
mobley_1636752,-0.06015235250964811,0.4515064940762741,1.536874852881657,-1.1108400313792317,0.0,-5.1,0.10793553819079023,-1.5560249999886755
